MemberID,Gender,Age,AgeGroup,JoinDate,MembershipPlan,MonthlyFee,PlanPrice,Status,PreferredClass,City,TenureMonths,IsActive,TotalVisits,AvgDuration,LastVisit,UniqueClasses
M0001,Male,38,35-44,2024-05-10,Basic,29.99,29.99,Expired,Strength Training,Islamabad,15.7,0,1,52.0,2025-05-18,1
M0002,Male,20,18-24,2022-03-29,Standard,49.99,49.99,Active,HIIT,Rawalpindi,41.1,1,27,52.2,2025-08-30,9
M0003,Male,50,45-54,2024-03-16,Basic,29.99,29.99,Cancelled,Pilates,Faisalabad,17.5,0,4,47.5,2025-08-12,4
M0004,Male,59,55+,2024-01-18,Basic,29.99,29.99,Active,Cardio,Multan,19.4,1,18,57.7,2025-08-01,7
M0005,Female,20,18-24,2024-08-15,Premium,79.99,79.99,Active,Zumba,Faisalabad,12.5,1,49,56.2,2025-08-30,9
M0006,Female,31,25-34,2024-04-20,Basic,29.99,29.99,Cancelled,Yoga,Karachi,16.4,0,1,56.0,2025-03-18,1
M0007,Female,24,18-24,2023-07-19,Basic,29.99,29.99,Active,CrossFit,Islamabad,25.5,1,7,49.9,2025-08-27,5
M0008,Male,21,18-24,2022-07-25,Standard,49.99,49.99,Active,Pilates,Multan,37.3,1,12,50.1,2025-08-29,4
M0009,Female,27,25-34,2023-12-04,Premium,79.99,79.99,Active,Pilates,Multan,20.9,1,25,54.0,2025-08-24,8
M0010,Male,62,55+,2024-10-13,Annual,33.33,399.99,Expired,Spin,Karachi,10.6,0,4,61.8,2025-07-25,3
M0011,Male,58,55+,2022-08-05,Basic,29.99,29.99,Active,Spin,Lahore,36.9,1,20,55.6,2025-08-31,8
M0012,Male,41,35-44,2023-06-05,Premium,79.99,79.99,Active,Strength Training,Lahore,26.9,1,41,52.3,2025-08-31,9
M0013,Female,22,18-24,2023-01-27,Premium,79.99,79.99,Expired,HIIT,Lahore,31.1,0,2,64.0,2025-05-08,2
M0014,Male,51,45-54,2024-11-17,Annual,33.33,399.99,Active,Zumba,Multan,9.5,1,23,61.0,2025-08-27,9
M0015,Female,44,35-44,2024-03-15,Premium,79.99,79.99,Expired,Strength Training,Faisalabad,17.6,0,7,52.3,2025-07-22,5
M0016,Male,31,25-34,2023-10-05,Premium,79.99,79.99,Expired,Yoga,Karachi,22.9,0,0,0.0,,0
M0017,Male,56,55+,2024-06-10,Basic,29.99,29.99,Active,Spin,Rawalpindi,14.7,1,9,46.8,2025-08-06,7
M0018,Male,60,55+,2023-04-30,Basic,29.99,29.99,Active,Spin,Islamabad,28.1,1,14,54.0,2025-08-24,5
M0019,Male,23,18-24,2023-08-01,Standard,49.99,49.99,Active,Cardio,Rawalpindi,25.0,1,14,56.9,2025-08-17,6
M0020,Female,30,25-34,2022-07-09,Basic,29.99,29.99,Active,Zumba,Multan,37.8,1,20,51.6,2025-08-30,8
M0021,Male,59,55+,2023-10-11,Standard,49.99,49.99,Expired,Zumba,Islamabad,22.7,0,10,57.8,2025-08-15,5
M0022,Female,19,18-24,2023-03-18,Annual,33.33,399.99,Active,Spin,Lahore,29.5,1,14,55.4,2025-08-29,7
M0023,Male,19,18-24,2024-08-09,Basic,29.99,29.99,Expired,Zumba,Faisalabad,12.7,0,10,45.9,2025-08-25,7
M0024,Male,61,55+,2023-01-20,Basic,29.99,29.99,Active,Pilates,Rawalpindi,31.4,1,22,56.1,2025-08-18,9
M0025,Male,55,55+,2022-07-22,Standard,49.99,49.99,Active,Cardio,Karachi,37.4,1,5,57.2,2025-06-19,4
M0026,Female,33,25-34,2022-07-17,Standard,49.99,49.99,Cancelled,Cardio,Islamabad,37.5,0,2,56.0,2025-06-14,2
M0027,Male,53,45-54,2023-04-09,Basic,29.99,29.99,Expired,Strength Training,Islamabad,28.8,0,9,57.0,2025-08-30,5
M0028,Male,57,55+,2024-05-13,Basic,29.99,29.99,Cancelled,HIIT,Lahore,15.6,0,7,51.0,2025-08-12,3
M0029,Male,59,55+,2023-04-18,Basic,29.99,29.99,Active,Cardio,Karachi,28.5,1,13,60.1,2025-08-24,6
M0030,Other,19,18-24,2023-09-16,Standard,49.99,49.99,Active,Pilates,Rawalpindi,23.5,1,19,51.3,2025-08-29,7
M0031,Male,26,25-34,2023-03-29,Annual,33.33,399.99,Active,Strength Training,Islamabad,29.1,1,18,53.8,2025-08-24,7
M0032,Female,41,35-44,2023-02-08,Annual,33.33,399.99,Expired,Yoga,Rawalpindi,30.7,0,13,50.5,2025-07-31,7
M0033,Female,42,35-44,2022-04-14,Standard,49.99,49.99,Active,Spin,Karachi,40.6,1,17,64.8,2025-08-31,6
M0034,Other,33,25-34,2024-05-27,Standard,49.99,49.99,Expired,Cardio,Lahore,15.2,0,1,42.0,2025-04-12,1
M0035,Female,25,25-34,2024-03-11,Standard,49.99,49.99,Active,Yoga,Lahore,17.7,1,9,62.1,2025-08-10,5
M0036,Male,39,35-44,2023-11-19,Basic,29.99,29.99,Active,Pilates,Multan,21.4,1,14,55.0,2025-08-15,6
M0037,Male,51,45-54,2023-07-17,Annual,33.33,399.99,Active,Yoga,Rawalpindi,25.5,1,44,56.0,2025-08-26,9
M0038,Female,36,35-44,2024-05-28,Standard,49.99,49.99,Active,CrossFit,Lahore,15.1,1,17,55.1,2025-08-19,6
M0039,Female,63,55+,2022-01-17,Annual,33.33,399.99,Active,Strength Training,Rawalpindi,43.5,1,37,56.3,2025-08-27,9
M0040,Female,48,45-54,2024-11-26,Annual,33.33,399.99,Active,Yoga,Rawalpindi,9.2,1,32,55.6,2025-08-25,9
M0041,Male,50,45-54,2022-07-10,Standard,49.99,49.99,Active,CrossFit,Karachi,37.7,1,5,48.8,2025-08-29,3
M0042,Male,41,35-44,2023-07-20,Premium,79.99,79.99,Expired,Zumba,Multan,25.4,0,10,58.2,2025-08-05,5
M0043,Female,43,35-44,2024-08-19,Basic,29.99,29.99,Active,Yoga,Lahore,12.4,1,15,51.9,2025-08-28,7
M0044,Female,43,35-44,2022-09-03,Standard,49.99,49.99,Active,Yoga,Faisalabad,35.9,1,15,45.8,2025-08-08,6
M0045,Male,62,55+,2024-04-07,Standard,49.99,49.99,Active,CrossFit,Multan,16.8,1,27,56.1,2025-08-31,9
M0046,Male,32,25-34,2023-02-04,Basic,29.99,29.99,Cancelled,HIIT,Multan,30.9,0,0,0.0,,0
M0047,Female,39,35-44,2022-02-20,Standard,49.99,49.99,Active,Pilates,Lahore,42.3,1,28,56.1,2025-08-16,8
M0048,Female,54,45-54,2023-11-13,Premium,79.99,79.99,Active,Spin,Rawalpindi,21.6,1,39,54.8,2025-08-22,9
M0049,Male,23,18-24,2024-09-30,Annual,33.33,399.99,Active,Cardio,Multan,11.0,1,22,62.0,2025-08-29,9
M0050,Female,33,25-34,2022-02-16,Premium,79.99,79.99,Active,Cardio,Karachi,42.5,1,38,56.4,2025-08-27,9
M0051,Male,43,35-44,2023-10-19,Standard,49.99,49.99,Active,Spin,Multan,22.4,1,10,48.3,2025-08-04,4
M0052,Male,18,18-24,2024-03-01,Standard,49.99,49.99,Expired,Yoga,Karachi,18.0,0,9,53.0,2025-08-01,4
M0053,Female,18,18-24,2023-07-14,Basic,29.99,29.99,Cancelled,Zumba,Faisalabad,25.6,0,7,49.3,2025-08-31,4
M0054,Male,43,35-44,2024-02-29,Premium,79.99,79.99,Active,Spin,Multan,18.1,1,39,57.2,2025-08-29,9
M0055,Male,64,55+,2023-11-28,Standard,49.99,49.99,Active,Pilates,Multan,21.1,1,28,61.0,2025-08-26,7
M0056,Male,43,35-44,2024-10-08,Basic,29.99,29.99,Active,Zumba,Rawalpindi,10.8,1,16,57.4,2025-08-08,8
M0057,Female,22,18-24,2022-12-23,Standard,49.99,49.99,Expired,Cardio,Karachi,32.3,0,6,52.2,2025-07-10,4
M0058,Female,22,18-24,2024-02-01,Annual,33.33,399.99,Active,CrossFit,Karachi,19.0,1,39,51.3,2025-08-31,9
M0059,Female,37,35-44,2023-05-12,Annual,33.33,399.99,Active,HIIT,Islamabad,27.7,1,24,56.2,2025-08-30,8
M0060,Female,60,55+,2023-01-15,Basic,29.99,29.99,Cancelled,Strength Training,Lahore,31.5,0,5,36.6,2025-08-13,4
M0061,Male,48,45-54,2024-12-02,Basic,29.99,29.99,Active,Spin,Islamabad,9.0,1,14,55.4,2025-08-28,6
M0062,Male,25,25-34,2024-01-24,Premium,79.99,79.99,Active,HIIT,Karachi,19.3,1,21,51.1,2025-08-27,8
M0063,Female,21,18-24,2024-10-18,Premium,79.99,79.99,Active,HIIT,Faisalabad,10.4,1,15,61.4,2025-08-21,3
M0064,Female,38,35-44,2025-01-03,Annual,33.33,399.99,Active,Cardio,Karachi,7.9,1,46,53.7,2025-08-29,9
M0065,Male,52,45-54,2023-04-02,Standard,49.99,49.99,Expired,HIIT,Lahore,29.0,0,11,50.4,2025-08-28,6
M0066,Male,54,45-54,2022-04-06,Standard,49.99,49.99,Cancelled,Zumba,Faisalabad,40.9,0,7,51.6,2025-08-18,3
M0067,Female,34,25-34,2022-10-06,Premium,79.99,79.99,Active,Cardio,Lahore,34.9,1,25,54.3,2025-08-27,8
M0068,Female,29,25-34,2023-02-01,Annual,33.33,399.99,Active,Strength Training,Rawalpindi,31.0,1,38,53.8,2025-08-28,9
M0069,Male,36,35-44,2022-09-22,Standard,49.99,49.99,Cancelled,CrossFit,Faisalabad,35.3,0,2,56.0,2025-06-30,2
M0070,Female,38,35-44,2024-12-28,Basic,29.99,29.99,Active,Zumba,Lahore,8.1,1,10,56.6,2025-08-19,5
M0071,Other,56,55+,2024-11-28,Basic,29.99,29.99,Active,HIIT,Faisalabad,9.1,1,22,58.1,2025-08-19,8
M0072,Female,29,25-34,2024-01-03,Standard,49.99,49.99,Active,HIIT,Rawalpindi,19.9,1,10,49.1,2025-07-19,4
M0073,Male,30,25-34,2024-07-01,Basic,29.99,29.99,Active,Yoga,Karachi,14.0,1,10,58.8,2025-08-13,6
M0074,Male,54,45-54,2024-03-05,Premium,79.99,79.99,Active,CrossFit,Faisalabad,17.9,1,41,59.1,2025-08-30,9
M0075,Female,62,55+,2023-05-15,Basic,29.99,29.99,Cancelled,Pilates,Rawalpindi,27.6,0,1,50.0,2025-04-08,1
M0076,Female,27,25-34,2023-03-21,Standard,49.99,49.99,Expired,Zumba,Multan,29.4,0,10,53.7,2025-08-31,6
M0077,Male,37,35-44,2022-06-22,Basic,29.99,29.99,Active,Spin,Lahore,38.3,1,26,59.6,2025-08-27,9
M0078,Female,42,35-44,2024-10-21,Premium,79.99,79.99,Active,Pilates,Faisalabad,10.3,1,39,53.3,2025-08-15,7
M0079,Male,62,55+,2022-05-14,Premium,79.99,79.99,Cancelled,Spin,Multan,39.6,0,5,54.8,2025-08-14,3
M0080,Female,36,35-44,2022-07-22,Annual,33.33,399.99,Active,HIIT,Lahore,37.4,1,45,54.0,2025-08-29,9
M0081,Female,27,25-34,2023-10-18,Premium,79.99,79.99,Cancelled,CrossFit,Multan,22.5,0,2,39.0,2025-06-09,2
M0082,Female,45,45-54,2024-08-29,Basic,29.99,29.99,Active,CrossFit,Karachi,12.1,1,18,53.8,2025-08-22,7
M0083,Female,44,35-44,2023-06-24,Basic,29.99,29.99,Cancelled,Yoga,Lahore,26.3,0,1,44.0,2025-06-04,1
M0084,Male,46,45-54,2024-07-17,Standard,49.99,49.99,Expired,Strength Training,Faisalabad,13.5,0,5,47.8,2025-08-20,3
M0085,Female,64,55+,2023-01-25,Annual,33.33,399.99,Active,HIIT,Multan,31.2,1,37,55.0,2025-08-31,9
M0086,Male,18,18-24,2024-05-26,Basic,29.99,29.99,Active,Zumba,Lahore,15.2,1,16,58.2,2025-08-30,8
M0087,Female,44,35-44,2024-05-02,Premium,79.99,79.99,Active,Yoga,Karachi,16.0,1,26,52.6,2025-08-19,5
M0088,Female,23,18-24,2022-04-15,Standard,49.99,49.99,Active,Spin,Faisalabad,40.6,1,7,63.0,2025-07-09,4
M0089,Female,54,45-54,2024-02-10,Standard,49.99,49.99,Expired,Strength Training,Lahore,18.7,0,9,51.9,2025-08-15,5
M0090,Male,30,25-34,2023-04-02,Basic,29.99,29.99,Cancelled,Yoga,Lahore,29.0,0,1,55.0,2025-04-11,1
M0091,Male,25,25-34,2023-05-03,Standard,49.99,49.99,Active,HIIT,Karachi,28.0,1,19,53.6,2025-08-31,6
M0092,Female,29,25-34,2023-03-14,Premium,79.99,79.99,Active,Cardio,Faisalabad,29.6,1,19,52.2,2025-08-05,4
M0093,Male,64,55+,2024-09-16,Annual,33.33,399.99,Active,Spin,Faisalabad,11.5,1,40,54.2,2025-08-25,9
M0094,Male,51,45-54,2023-08-01,Premium,79.99,79.99,Cancelled,HIIT,Karachi,25.0,0,5,50.0,2025-08-18,3
M0095,Male,51,45-54,2024-03-08,Standard,49.99,49.99,Active,Pilates,Lahore,17.8,1,21,53.3,2025-08-25,8
M0096,Female,59,55+,2024-09-10,Annual,33.33,399.99,Active,Spin,Faisalabad,11.7,1,36,51.8,2025-08-28,9
M0097,Male,34,25-34,2024-06-18,Standard,49.99,49.99,Cancelled,CrossFit,Faisalabad,14.5,0,3,68.7,2025-08-23,2
M0098,Female,60,55+,2023-06-30,Standard,49.99,49.99,Active,Strength Training,Islamabad,26.1,1,20,56.3,2025-08-27,9
M0099,Male,48,45-54,2022-04-21,Basic,29.99,29.99,Active,CrossFit,Rawalpindi,40.4,1,8,54.1,2025-08-19,3
M0100,Male,49,45-54,2022-12-26,Premium,79.99,79.99,Active,Spin,Karachi,32.2,1,36,52.9,2025-08-24,9
M0101,Male,22,18-24,2022-03-02,Basic,29.99,29.99,Active,HIIT,Faisalabad,42.0,1,12,53.8,2025-08-29,4
M0102,Male,58,55+,2023-06-18,Basic,29.99,29.99,Active,Pilates,Karachi,26.5,1,26,50.2,2025-08-22,8
M0103,Male,39,35-44,2025-01-01,Basic,29.99,29.99,Active,Pilates,Islamabad,8.0,1,17,56.5,2025-08-30,6
M0104,Female,53,45-54,2024-04-10,Standard,49.99,49.99,Active,Yoga,Islamabad,16.7,1,24,56.9,2025-08-22,6
M0105,Female,31,25-34,2023-12-20,Standard,49.99,49.99,Cancelled,Zumba,Multan,20.4,0,0,0.0,,0
M0106,Female,24,18-24,2022-12-31,Basic,29.99,29.99,Active,Zumba,Multan,32.0,1,27,56.2,2025-08-25,7
M0107,Female,55,55+,2022-12-29,Standard,49.99,49.99,Active,Zumba,Lahore,32.1,1,28,56.6,2025-08-28,8
M0108,Male,34,25-34,2023-04-30,Basic,29.99,29.99,Expired,HIIT,Multan,28.1,0,6,54.5,2025-08-28,5
M0109,Female,42,35-44,2024-03-22,Basic,29.99,29.99,Active,Strength Training,Lahore,17.3,1,26,58.2,2025-08-25,8
M0110,Female,39,35-44,2022-04-19,Standard,49.99,49.99,Expired,CrossFit,Lahore,40.4,0,5,57.0,2025-08-20,4
M0111,Female,23,18-24,2024-01-18,Basic,29.99,29.99,Active,CrossFit,Karachi,19.4,1,9,53.1,2025-08-19,6
M0112,Male,50,45-54,2022-11-11,Annual,33.33,399.99,Active,Spin,Multan,33.7,1,41,59.6,2025-08-28,9
M0113,Male,47,45-54,2023-09-16,Basic,29.99,29.99,Active,Zumba,Lahore,23.5,1,11,50.0,2025-08-13,6
M0114,Other,54,45-54,2024-01-29,Basic,29.99,29.99,Active,Zumba,Multan,19.1,1,19,55.9,2025-08-20,7
M0115,Female,23,18-24,2023-04-13,Annual,33.33,399.99,Expired,Pilates,Multan,28.6,0,5,56.2,2025-07-30,3
M0116,Female,28,25-34,2024-08-04,Premium,79.99,79.99,Expired,Strength Training,Faisalabad,12.9,0,4,47.8,2025-08-10,4
M0117,Male,37,35-44,2022-11-22,Annual,33.33,399.99,Active,Yoga,Rawalpindi,33.3,1,17,54.2,2025-08-25,7
M0118,Female,55,55+,2023-07-13,Premium,79.99,79.99,Expired,Strength Training,Rawalpindi,25.7,0,7,56.0,2025-08-09,3
M0119,Female,27,25-34,2024-04-24,Standard,49.99,49.99,Active,HIIT,Rawalpindi,16.3,1,20,58.0,2025-08-24,6
M0120,Male,18,18-24,2024-06-16,Standard,49.99,49.99,Cancelled,Yoga,Lahore,14.5,0,0,0.0,,0
M0121,Male,52,45-54,2024-02-16,Standard,49.99,49.99,Active,Yoga,Faisalabad,18.5,1,16,60.5,2025-08-22,5
M0122,Female,28,25-34,2022-11-14,Premium,79.99,79.99,Active,Cardio,Islamabad,33.6,1,19,52.2,2025-08-09,7
M0123,Male,46,45-54,2023-05-28,Premium,79.99,79.99,Expired,Yoga,Faisalabad,27.2,0,1,20.0,2025-06-23,1
M0124,Female,54,45-54,2022-09-27,Premium,79.99,79.99,Cancelled,Strength Training,Multan,35.2,0,3,67.3,2025-08-12,2
M0125,Female,42,35-44,2023-07-28,Standard,49.99,49.99,Cancelled,CrossFit,Multan,25.2,0,3,51.7,2025-08-31,2
M0126,Male,40,35-44,2024-03-10,Standard,49.99,49.99,Active,Yoga,Lahore,17.7,1,16,58.0,2025-08-29,7
M0127,Male,31,25-34,2022-05-25,Annual,33.33,399.99,Active,CrossFit,Islamabad,39.3,1,16,56.9,2025-08-23,5
M0128,Female,24,18-24,2024-11-28,Basic,29.99,29.99,Cancelled,HIIT,Rawalpindi,9.1,0,4,54.8,2025-06-29,3
M0129,Female,47,45-54,2024-11-04,Annual,33.33,399.99,Active,Cardio,Faisalabad,9.9,1,46,54.8,2025-08-29,9
M0130,Female,44,35-44,2023-07-04,Premium,79.99,79.99,Expired,Pilates,Rawalpindi,26.0,0,1,63.0,2025-06-21,1
M0131,Male,27,25-34,2023-08-21,Premium,79.99,79.99,Active,Pilates,Faisalabad,24.4,1,42,51.3,2025-08-26,9
M0132,Female,32,25-34,2024-03-25,Premium,79.99,79.99,Active,Spin,Faisalabad,17.2,1,24,53.1,2025-08-28,8
M0133,Female,44,35-44,2022-02-16,Standard,49.99,49.99,Expired,Strength Training,Rawalpindi,42.5,0,0,0.0,,0
M0134,Female,28,25-34,2024-03-04,Basic,29.99,29.99,Active,CrossFit,Multan,17.9,1,16,61.2,2025-08-29,6
M0135,Male,60,55+,2023-12-13,Standard,49.99,49.99,Active,Spin,Multan,20.6,1,16,52.2,2025-08-28,7
M0136,Female,60,55+,2024-09-11,Basic,29.99,29.99,Expired,Cardio,Rawalpindi,11.7,0,9,61.1,2025-07-26,5
M0137,Male,45,45-54,2024-06-06,Basic,29.99,29.99,Expired,Yoga,Multan,14.8,0,10,51.9,2025-08-24,5
M0138,Female,39,35-44,2022-02-20,Premium,79.99,79.99,Cancelled,Yoga,Multan,42.3,0,3,46.7,2025-08-26,3
M0139,Female,57,55+,2023-02-24,Basic,29.99,29.99,Cancelled,Zumba,Lahore,30.2,0,2,51.0,2025-05-19,1
M0140,Male,58,55+,2022-07-21,Premium,79.99,79.99,Active,Cardio,Lahore,37.4,1,34,51.2,2025-08-28,7
M0141,Female,44,35-44,2022-03-16,Annual,33.33,399.99,Active,Yoga,Islamabad,41.6,1,27,54.8,2025-08-27,6
M0142,Female,41,35-44,2024-08-12,Standard,49.99,49.99,Active,Cardio,Multan,12.6,1,15,52.6,2025-08-29,5
M0143,Male,43,35-44,2022-06-26,Premium,79.99,79.99,Active,Spin,Lahore,38.2,1,28,59.2,2025-08-31,7
M0144,Male,37,35-44,2024-08-24,Annual,33.33,399.99,Active,Cardio,Faisalabad,12.3,1,44,51.2,2025-08-24,8
M0145,Female,47,45-54,2023-07-15,Basic,29.99,29.99,Active,Strength Training,Islamabad,25.6,1,20,50.9,2025-08-30,9
M0146,Male,46,45-54,2022-02-01,Standard,49.99,49.99,Expired,CrossFit,Islamabad,43.0,0,2,64.5,2025-08-11,2
M0147,Female,19,18-24,2022-01-18,Basic,29.99,29.99,Expired,Yoga,Karachi,43.4,0,4,61.5,2025-07-09,4
M0148,Male,46,45-54,2024-08-04,Basic,29.99,29.99,Active,Strength Training,Karachi,12.9,1,29,51.3,2025-08-29,8
M0149,Female,45,45-54,2022-06-11,Standard,49.99,49.99,Active,Zumba,Faisalabad,38.7,1,23,53.7,2025-08-31,6
M0150,Male,41,35-44,2024-10-28,Basic,29.99,29.99,Active,Zumba,Faisalabad,10.1,1,23,53.0,2025-08-20,7
M0151,Female,20,18-24,2022-11-24,Basic,29.99,29.99,Expired,Cardio,Karachi,33.2,0,11,67.7,2025-08-30,4
M0152,Female,63,55+,2022-04-06,Annual,33.33,399.99,Active,Cardio,Rawalpindi,40.9,1,39,55.6,2025-08-31,9
M0153,Male,35,35-44,2022-06-14,Basic,29.99,29.99,Active,Zumba,Lahore,38.6,1,13,59.8,2025-08-17,6
M0154,Female,36,35-44,2022-05-31,Premium,79.99,79.99,Active,Cardio,Karachi,39.1,1,33,51.0,2025-08-26,8
M0155,Male,28,25-34,2023-05-29,Annual,33.33,399.99,Active,HIIT,Islamabad,27.1,1,29,52.8,2025-08-24,9
M0156,Male,54,45-54,2023-04-16,Basic,29.99,29.99,Cancelled,Pilates,Lahore,28.5,0,7,62.7,2025-07-11,1
M0157,Female,39,35-44,2024-12-12,Basic,29.99,29.99,Cancelled,Yoga,Karachi,8.6,0,4,52.2,2025-08-25,2
M0158,Male,49,45-54,2023-09-24,Annual,33.33,399.99,Active,Strength Training,Lahore,23.3,1,49,57.4,2025-08-27,8
M0159,Male,42,35-44,2023-06-10,Premium,79.99,79.99,Expired,Pilates,Multan,26.7,0,5,54.6,2025-08-26,2
M0160,Female,62,55+,2023-05-09,Annual,33.33,399.99,Active,Spin,Islamabad,27.8,1,34,53.2,2025-08-31,9
M0161,Male,53,45-54,2024-04-17,Annual,33.33,399.99,Active,HIIT,Lahore,16.5,1,21,54.9,2025-08-26,9
M0162,Male,59,55+,2024-09-24,Premium,79.99,79.99,Active,Strength Training,Lahore,11.2,1,41,55.0,2025-08-13,9
M0163,Female,62,55+,2023-10-08,Premium,79.99,79.99,Active,Zumba,Karachi,22.8,1,26,59.6,2025-08-31,7
M0164,Male,63,55+,2024-07-10,Standard,49.99,49.99,Expired,Cardio,Multan,13.7,0,7,57.1,2025-08-05,3
M0165,Male,46,45-54,2024-03-29,Basic,29.99,29.99,Expired,CrossFit,Islamabad,17.1,0,1,56.0,2025-03-14,1
M0166,Female,52,45-54,2023-11-07,Premium,79.99,79.99,Active,Zumba,Multan,21.8,1,42,49.5,2025-08-28,9
M0167,Female,53,45-54,2023-02-10,Premium,79.99,79.99,Active,Strength Training,Islamabad,30.7,1,21,59.4,2025-08-26,8
M0168,Female,26,25-34,2024-08-15,Annual,33.33,399.99,Active,Spin,Lahore,12.5,1,29,54.9,2025-08-18,8
M0169,Female,60,55+,2023-12-14,Standard,49.99,49.99,Active,Yoga,Islamabad,20.6,1,15,49.4,2025-08-28,6
M0170,Male,47,45-54,2022-05-11,Basic,29.99,29.99,Active,Cardio,Islamabad,39.7,1,22,57.8,2025-07-13,9
M0171,Female,34,25-34,2024-12-03,Premium,79.99,79.99,Cancelled,Zumba,Lahore,8.9,0,2,67.0,2025-04-29,2
M0172,Female,25,25-34,2022-01-12,Standard,49.99,49.99,Cancelled,Yoga,Faisalabad,43.6,0,7,53.3,2025-08-30,5
M0173,Male,35,35-44,2023-01-09,Standard,49.99,49.99,Cancelled,Zumba,Islamabad,31.7,0,3,38.0,2025-07-25,1
M0174,Female,27,25-34,2023-05-04,Annual,33.33,399.99,Active,Yoga,Karachi,28.0,1,27,55.9,2025-08-29,7
M0175,Female,32,25-34,2024-09-07,Standard,49.99,49.99,Active,Yoga,Islamabad,11.8,1,26,54.7,2025-08-26,8
M0176,Male,46,45-54,2023-11-19,Basic,29.99,29.99,Active,Pilates,Rawalpindi,21.4,1,25,56.4,2025-08-27,8
M0177,Male,56,55+,2024-07-23,Standard,49.99,49.99,Active,Zumba,Islamabad,13.3,1,5,42.0,2025-08-28,4
M0178,Female,54,45-54,2023-09-12,Basic,29.99,29.99,Active,HIIT,Rawalpindi,23.7,1,19,59.4,2025-08-29,7
M0179,Female,46,45-54,2022-02-08,Standard,49.99,49.99,Active,Spin,Karachi,42.7,1,26,59.5,2025-08-25,9
M0180,Male,19,18-24,2022-01-16,Standard,49.99,49.99,Cancelled,HIIT,Karachi,43.5,0,6,55.2,2025-08-30,3
M0181,Female,35,35-44,2023-02-18,Basic,29.99,29.99,Active,Strength Training,Islamabad,30.4,1,26,51.4,2025-08-27,9
M0182,Male,46,45-54,2024-11-28,Basic,29.99,29.99,Active,Cardio,Lahore,9.1,1,18,57.3,2025-08-25,7
M0183,Male,27,25-34,2022-09-29,Annual,33.33,399.99,Cancelled,Zumba,Rawalpindi,35.1,0,3,55.3,2025-08-05,3
M0184,Male,62,55+,2023-01-24,Premium,79.99,79.99,Active,Pilates,Karachi,31.2,1,32,53.6,2025-08-17,8
M0185,Female,18,18-24,2022-11-20,Premium,79.99,79.99,Expired,Zumba,Lahore,33.4,0,8,59.2,2025-08-17,5
M0186,Female,29,25-34,2023-02-03,Standard,49.99,49.99,Expired,Spin,Faisalabad,30.9,0,2,51.5,2025-08-18,2
M0187,Female,63,55+,2024-07-27,Standard,49.99,49.99,Cancelled,Pilates,Faisalabad,13.2,0,3,53.0,2025-07-08,2
M0188,Female,25,25-34,2022-08-14,Basic,29.99,29.99,Cancelled,Zumba,Multan,36.6,0,7,63.9,2025-08-15,6
M0189,Male,60,55+,2024-06-03,Premium,79.99,79.99,Active,HIIT,Lahore,14.9,1,19,55.1,2025-08-30,8
M0190,Male,22,18-24,2024-01-23,Annual,33.33,399.99,Expired,Zumba,Lahore,19.3,0,4,44.2,2025-08-07,2
M0191,Male,59,55+,2024-11-09,Annual,33.33,399.99,Active,HIIT,Multan,9.7,1,33,56.6,2025-08-21,8
M0192,Male,30,25-34,2022-08-04,Annual,33.33,399.99,Active,Zumba,Lahore,36.9,1,46,57.0,2025-08-27,9
M0193,Female,28,25-34,2022-11-25,Annual,33.33,399.99,Expired,Strength Training,Islamabad,33.2,0,11,58.4,2025-08-25,5
M0194,Female,51,45-54,2024-09-14,Standard,49.99,49.99,Active,Yoga,Lahore,11.6,1,23,54.4,2025-08-24,8
M0195,Male,55,55+,2024-08-12,Basic,29.99,29.99,Active,Spin,Karachi,12.6,1,21,55.5,2025-08-29,8
M0196,Female,30,25-34,2024-07-02,Basic,29.99,29.99,Active,Spin,Lahore,14.0,1,9,54.6,2025-08-28,3
M0197,Male,20,18-24,2024-11-29,Annual,33.33,399.99,Active,HIIT,Islamabad,9.1,1,18,63.4,2025-08-16,7
M0198,Male,50,45-54,2022-08-04,Premium,79.99,79.99,Expired,CrossFit,Lahore,36.9,0,5,52.0,2025-08-11,4
M0199,Male,59,55+,2024-02-20,Premium,79.99,79.99,Expired,Strength Training,Multan,18.4,0,0,0.0,,0
M0200,Female,48,45-54,2023-12-01,Basic,29.99,29.99,Cancelled,HIIT,Islamabad,21.0,0,7,52.1,2025-08-19,4
M0201,Male,46,45-54,2022-03-23,Premium,79.99,79.99,Cancelled,HIIT,Faisalabad,41.3,0,5,58.0,2025-07-13,4
M0202,Male,57,55+,2024-12-05,Standard,49.99,49.99,Expired,Cardio,Faisalabad,8.9,0,8,50.6,2025-08-30,3
M0203,Female,24,18-24,2023-11-06,Basic,29.99,29.99,Active,CrossFit,Karachi,21.8,1,5,51.4,2025-08-07,4
M0204,Female,39,35-44,2023-07-26,Basic,29.99,29.99,Expired,CrossFit,Rawalpindi,25.2,0,11,54.5,2025-08-23,7
M0205,Female,34,25-34,2024-01-01,Basic,29.99,29.99,Expired,Yoga,Multan,20.0,0,9,42.1,2025-08-26,6
M0206,Female,31,25-34,2023-04-19,Basic,29.99,29.99,Cancelled,Spin,Rawalpindi,28.4,0,2,68.0,2025-08-03,2
M0207,Male,24,18-24,2024-02-02,Basic,29.99,29.99,Expired,Yoga,Multan,19.0,0,14,49.1,2025-08-27,5
M0208,Male,40,35-44,2024-05-28,Standard,49.99,49.99,Expired,Pilates,Karachi,15.1,0,2,52.5,2025-05-01,2
M0209,Female,56,55+,2023-05-31,Standard,49.99,49.99,Active,Spin,Faisalabad,27.1,1,8,50.1,2025-08-21,3
M0210,Male,31,25-34,2025-01-03,Basic,29.99,29.99,Active,Strength Training,Islamabad,7.9,1,9,59.3,2025-08-07,5
M0211,Female,46,45-54,2024-04-28,Annual,33.33,399.99,Active,CrossFit,Faisalabad,16.1,1,36,56.7,2025-08-23,9
M0212,Male,20,18-24,2022-03-25,Standard,49.99,49.99,Active,HIIT,Rawalpindi,41.3,1,13,55.5,2025-08-20,6
M0213,Female,42,35-44,2024-07-22,Basic,29.99,29.99,Active,HIIT,Rawalpindi,13.3,1,13,48.0,2025-08-31,4
M0214,Female,42,35-44,2022-07-27,Standard,49.99,49.99,Active,Spin,Islamabad,37.2,1,25,50.8,2025-08-26,8
M0215,Female,41,35-44,2022-07-18,Standard,49.99,49.99,Active,Strength Training,Rawalpindi,37.5,1,6,50.0,2025-08-29,4
M0216,Female,34,25-34,2023-06-11,Standard,49.99,49.99,Active,Cardio,Rawalpindi,26.7,1,23,55.5,2025-08-22,9
M0217,Female,39,35-44,2023-06-05,Basic,29.99,29.99,Active,Spin,Karachi,26.9,1,26,58.7,2025-08-26,8
M0218,Male,25,25-34,2023-08-07,Standard,49.99,49.99,Active,Pilates,Karachi,24.8,1,10,61.6,2025-07-27,3
M0219,Female,42,35-44,2023-08-30,Premium,79.99,79.99,Expired,Pilates,Lahore,24.1,0,8,59.0,2025-08-16,4
M0220,Male,34,25-34,2024-02-18,Standard,49.99,49.99,Active,Pilates,Multan,18.4,1,5,60.2,2025-08-06,4
M0221,Female,49,45-54,2022-04-02,Premium,79.99,79.99,Expired,Yoga,Karachi,41.0,0,10,48.2,2025-08-25,6
M0222,Female,50,45-54,2022-08-13,Basic,29.99,29.99,Active,HIIT,Multan,36.6,1,8,57.4,2025-08-20,4
M0223,Male,32,25-34,2022-07-13,Annual,33.33,399.99,Active,Zumba,Rawalpindi,37.6,1,22,64.2,2025-07-18,7
M0224,Female,23,18-24,2022-11-13,Premium,79.99,79.99,Active,Zumba,Lahore,33.6,1,27,58.9,2025-08-15,7
M0225,Male,37,35-44,2023-12-17,Annual,33.33,399.99,Active,Strength Training,Islamabad,20.5,1,38,54.3,2025-08-22,9
M0226,Male,43,35-44,2022-07-27,Standard,49.99,49.99,Cancelled,Zumba,Lahore,37.2,0,7,58.7,2025-07-21,4
M0227,Male,29,25-34,2024-05-23,Standard,49.99,49.99,Expired,Spin,Lahore,15.3,0,10,53.8,2025-08-31,5
M0228,Male,62,55+,2022-05-02,Standard,49.99,49.99,Active,Zumba,Faisalabad,40.0,1,21,58.0,2025-08-30,8
M0229,Female,23,18-24,2023-11-26,Basic,29.99,29.99,Active,Pilates,Faisalabad,21.2,1,19,55.8,2025-08-24,6
M0230,Male,27,25-34,2022-11-08,Annual,33.33,399.99,Active,Spin,Faisalabad,33.8,1,22,52.1,2025-08-31,8
M0231,Female,38,35-44,2022-12-19,Premium,79.99,79.99,Active,Spin,Rawalpindi,32.4,1,29,54.6,2025-08-19,9
M0232,Male,37,35-44,2024-03-15,Standard,49.99,49.99,Active,HIIT,Lahore,17.6,1,6,52.0,2025-08-04,4
M0233,Male,51,45-54,2024-08-04,Standard,49.99,49.99,Active,HIIT,Karachi,12.9,1,20,53.2,2025-08-21,7
M0234,Male,29,25-34,2024-07-20,Standard,49.99,49.99,Active,HIIT,Faisalabad,13.4,1,16,59.2,2025-08-18,6
M0235,Female,53,45-54,2024-06-29,Basic,29.99,29.99,Expired,Zumba,Karachi,14.1,0,9,44.0,2025-08-30,4
M0236,Female,54,45-54,2024-07-28,Standard,49.99,49.99,Active,Spin,Lahore,13.1,1,28,60.2,2025-08-31,7
M0237,Male,31,25-34,2022-11-14,Basic,29.99,29.99,Active,Yoga,Rawalpindi,33.6,1,6,58.3,2025-08-03,4
M0238,Female,42,35-44,2022-05-10,Basic,29.99,29.99,Expired,HIIT,Islamabad,39.8,0,0,0.0,,0
M0239,Female,53,45-54,2022-09-18,Standard,49.99,49.99,Expired,Zumba,Islamabad,35.4,0,11,50.6,2025-08-22,3
M0240,Male,27,25-34,2024-10-30,Basic,29.99,29.99,Active,Cardio,Multan,10.1,1,11,52.5,2025-08-19,6
M0241,Male,18,18-24,2022-05-13,Basic,29.99,29.99,Expired,Pilates,Rawalpindi,39.7,0,2,57.5,2025-06-07,2
M0242,Male,61,55+,2023-11-18,Premium,79.99,79.99,Active,Zumba,Multan,21.5,1,20,54.6,2025-08-21,8
M0243,Male,31,25-34,2023-09-12,Standard,49.99,49.99,Active,Zumba,Faisalabad,23.7,1,14,60.3,2025-08-29,6
M0244,Male,52,45-54,2024-11-09,Basic,29.99,29.99,Expired,Spin,Islamabad,9.7,0,14,59.9,2025-08-22,5
M0245,Male,29,25-34,2024-04-16,Basic,29.99,29.99,Expired,Spin,Karachi,16.5,0,11,66.1,2025-08-27,3
M0246,Male,56,55+,2022-05-06,Annual,33.33,399.99,Active,Zumba,Islamabad,39.9,1,12,60.2,2025-08-29,5
M0247,Male,62,55+,2024-07-07,Premium,79.99,79.99,Active,HIIT,Karachi,13.8,1,26,52.0,2025-08-09,7
M0248,Female,18,18-24,2024-06-10,Premium,79.99,79.99,Cancelled,Spin,Multan,14.7,0,0,0.0,,0
M0249,Female,18,18-24,2023-06-01,Annual,33.33,399.99,Active,HIIT,Islamabad,27.0,1,18,51.3,2025-08-26,8
M0250,Female,64,55+,2022-04-24,Basic,29.99,29.99,Cancelled,Cardio,Islamabad,40.3,0,7,53.6,2025-08-22,4
M0251,Female,36,35-44,2022-12-11,Premium,79.99,79.99,Expired,Pilates,Faisalabad,32.7,0,0,0.0,,0
M0252,Other,19,18-24,2024-12-28,Standard,49.99,49.99,Active,Pilates,Lahore,8.1,1,9,60.3,2025-08-24,4
M0253,Female,48,45-54,2023-11-19,Premium,79.99,79.99,Active,Cardio,Karachi,21.4,1,29,50.7,2025-08-17,8
M0254,Female,51,45-54,2023-05-09,Annual,33.33,399.99,Active,Yoga,Islamabad,27.8,1,21,56.8,2025-08-30,7
M0255,Male,18,18-24,2024-04-01,Standard,49.99,49.99,Active,Zumba,Faisalabad,17.0,1,15,56.3,2025-08-16,4
M0256,Male,49,45-54,2024-04-07,Standard,49.99,49.99,Expired,Cardio,Multan,16.8,0,6,46.5,2025-08-10,5
M0257,Male,19,18-24,2024-05-16,Basic,29.99,29.99,Expired,Strength Training,Faisalabad,15.5,0,13,54.5,2025-08-13,7
M0258,Male,46,45-54,2022-11-24,Standard,49.99,49.99,Active,Cardio,Faisalabad,33.2,1,12,65.9,2025-08-14,5
M0259,Male,32,25-34,2022-10-31,Standard,49.99,49.99,Active,Zumba,Multan,34.0,1,8,59.6,2025-08-27,4
M0260,Male,38,35-44,2023-05-13,Premium,79.99,79.99,Active,Zumba,Faisalabad,27.7,1,26,54.8,2025-08-24,8
M0261,Male,32,25-34,2023-02-03,Basic,29.99,29.99,Cancelled,Spin,Multan,30.9,0,2,73.0,2025-03-30,2
M0262,Male,63,55+,2024-02-26,Basic,29.99,29.99,Active,Zumba,Rawalpindi,18.2,1,12,59.5,2025-08-22,6
M0263,Female,47,45-54,2022-10-18,Standard,49.99,49.99,Active,Yoga,Faisalabad,34.5,1,24,51.1,2025-08-29,7
M0264,Female,24,18-24,2023-10-06,Premium,79.99,79.99,Active,HIIT,Faisalabad,22.9,1,40,51.4,2025-08-30,9
M0265,Male,59,55+,2022-06-08,Premium,79.99,79.99,Active,CrossFit,Rawalpindi,38.8,1,22,49.7,2025-08-27,9
M0266,Female,38,35-44,2023-07-13,Annual,33.33,399.99,Active,Yoga,Karachi,25.7,1,45,60.2,2025-08-31,9
M0267,Female,59,55+,2023-06-05,Standard,49.99,49.99,Active,CrossFit,Lahore,26.9,1,23,51.9,2025-08-17,7
M0268,Female,36,35-44,2024-05-08,Premium,79.99,79.99,Active,Zumba,Karachi,15.8,1,25,62.8,2025-08-19,6
M0269,Male,50,45-54,2024-05-06,Basic,29.99,29.99,Expired,Spin,Lahore,15.9,0,12,51.6,2025-08-24,7
M0270,Male,38,35-44,2023-04-28,Annual,33.33,399.99,Active,CrossFit,Faisalabad,28.2,1,19,50.1,2025-08-26,7
M0271,Male,27,25-34,2023-02-23,Standard,49.99,49.99,Active,Spin,Faisalabad,30.3,1,10,55.7,2025-08-15,6
M0272,Female,52,45-54,2023-03-17,Standard,49.99,49.99,Cancelled,HIIT,Islamabad,29.5,0,7,63.9,2025-07-06,4
M0273,Male,56,55+,2023-09-29,Premium,79.99,79.99,Expired,Pilates,Islamabad,23.1,0,11,62.5,2025-08-20,4
M0274,Male,53,45-54,2023-07-08,Annual,33.33,399.99,Expired,Yoga,Rawalpindi,25.8,0,10,47.3,2025-08-31,6
M0275,Female,58,55+,2022-03-14,Standard,49.99,49.99,Active,Spin,Lahore,41.6,1,9,50.8,2025-08-28,5
M0276,Female,44,35-44,2024-04-07,Basic,29.99,29.99,Cancelled,CrossFit,Multan,16.8,0,7,53.9,2025-08-14,4
M0277,Male,20,18-24,2022-03-08,Standard,49.99,49.99,Active,HIIT,Rawalpindi,41.8,1,21,58.0,2025-08-29,9
M0278,Male,40,35-44,2024-02-09,Standard,49.99,49.99,Cancelled,CrossFit,Multan,18.7,0,0,0.0,,0
M0279,Male,33,25-34,2023-03-29,Basic,29.99,29.99,Expired,Pilates,Lahore,29.1,0,2,45.0,2025-08-02,1
M0280,Other,29,25-34,2022-02-24,Premium,79.99,79.99,Active,Strength Training,Multan,42.2,1,24,55.6,2025-08-31,8
M0281,Female,22,18-24,2022-08-25,Basic,29.99,29.99,Cancelled,CrossFit,Rawalpindi,36.2,0,7,43.6,2025-08-07,5
M0282,Male,23,18-24,2022-11-17,Premium,79.99,79.99,Active,CrossFit,Lahore,33.5,1,25,53.0,2025-08-13,6
M0283,Male,51,45-54,2024-10-09,Premium,79.99,79.99,Expired,Cardio,Lahore,10.7,0,6,51.7,2025-08-04,2
M0284,Female,19,18-24,2022-04-24,Standard,49.99,49.99,Active,Yoga,Lahore,40.3,1,21,59.7,2025-08-26,7
M0285,Female,21,18-24,2024-04-14,Standard,49.99,49.99,Active,Pilates,Islamabad,16.6,1,27,53.8,2025-08-25,8
M0286,Male,54,45-54,2023-02-10,Standard,49.99,49.99,Cancelled,Cardio,Lahore,30.7,0,4,48.8,2025-08-05,3
M0287,Female,47,45-54,2022-02-11,Standard,49.99,49.99,Expired,Pilates,Multan,42.6,0,8,62.1,2025-08-01,4
M0288,Male,31,25-34,2022-05-14,Basic,29.99,29.99,Active,Spin,Islamabad,39.6,1,22,56.0,2025-08-29,7
M0289,Female,31,25-34,2023-08-01,Basic,29.99,29.99,Active,CrossFit,Karachi,25.0,1,26,57.2,2025-08-27,8
M0290,Male,48,45-54,2024-03-03,Standard,49.99,49.99,Active,Pilates,Multan,18.0,1,14,50.1,2025-08-23,4
M0291,Female,58,55+,2022-08-26,Basic,29.99,29.99,Active,Spin,Faisalabad,36.2,1,9,61.4,2025-08-05,3
M0292,Male,42,35-44,2023-04-27,Basic,29.99,29.99,Active,Spin,Rawalpindi,28.2,1,27,54.9,2025-08-28,8
M0293,Female,30,25-34,2024-11-01,Annual,33.33,399.99,Active,Cardio,Karachi,10.0,1,46,51.6,2025-08-27,9
M0294,Male,46,45-54,2024-09-15,Basic,29.99,29.99,Expired,HIIT,Rawalpindi,11.5,0,5,42.2,2025-07-27,5
M0295,Male,36,35-44,2023-10-25,Basic,29.99,29.99,Active,Yoga,Karachi,22.2,1,12,48.4,2025-08-22,5
M0296,Other,32,25-34,2023-01-17,Annual,33.33,399.99,Active,Strength Training,Lahore,31.5,1,40,53.4,2025-08-31,8
M0297,Female,24,18-24,2022-05-29,Basic,29.99,29.99,Active,Cardio,Lahore,39.1,1,22,51.2,2025-08-23,9
M0298,Female,46,45-54,2024-02-24,Basic,29.99,29.99,Active,Cardio,Multan,18.2,1,14,57.9,2025-08-19,7
M0299,Male,52,45-54,2024-12-22,Premium,79.99,79.99,Active,Cardio,Multan,8.3,1,14,48.0,2025-07-21,6
M0300,Male,19,18-24,2023-03-31,Premium,79.99,79.99,Expired,Spin,Multan,29.1,0,12,63.0,2025-08-04,6
M0301,Female,56,55+,2024-01-12,Basic,29.99,29.99,Expired,Spin,Faisalabad,19.6,0,9,57.6,2025-07-27,5
M0302,Female,54,45-54,2022-08-30,Standard,49.99,49.99,Active,Cardio,Lahore,36.1,1,23,53.3,2025-08-29,9
M0303,Female,38,35-44,2024-09-21,Basic,29.99,29.99,Expired,Zumba,Faisalabad,11.3,0,14,61.4,2025-07-16,7
M0304,Male,35,35-44,2023-05-25,Basic,29.99,29.99,Active,Yoga,Faisalabad,27.3,1,5,51.6,2025-07-05,4
M0305,Male,58,55+,2023-07-08,Premium,79.99,79.99,Cancelled,CrossFit,Lahore,25.8,0,3,43.0,2025-08-04,2
M0306,Male,46,45-54,2023-03-01,Premium,79.99,79.99,Active,HIIT,Karachi,30.1,1,43,55.1,2025-08-23,9
M0307,Male,51,45-54,2022-08-20,Standard,49.99,49.99,Expired,Pilates,Lahore,36.4,0,14,61.1,2025-08-02,6
M0308,Male,62,55+,2022-03-20,Annual,33.33,399.99,Active,CrossFit,Rawalpindi,41.4,1,35,55.7,2025-08-29,9
M0309,Male,25,25-34,2023-03-25,Standard,49.99,49.99,Active,Strength Training,Lahore,29.3,1,26,51.3,2025-08-27,8
M0310,Female,37,35-44,2023-02-12,Basic,29.99,29.99,Active,HIIT,Multan,30.6,1,22,52.6,2025-08-28,7
M0311,Male,45,45-54,2023-03-12,Premium,79.99,79.99,Expired,HIIT,Faisalabad,29.7,0,5,55.4,2025-07-24,2
M0312,Male,27,25-34,2024-02-12,Premium,79.99,79.99,Expired,CrossFit,Rawalpindi,18.6,0,9,55.6,2025-08-07,5
M0313,Male,20,18-24,2022-12-26,Standard,49.99,49.99,Active,Pilates,Rawalpindi,32.2,1,13,66.0,2025-08-30,7
M0314,Female,27,25-34,2022-06-18,Annual,33.33,399.99,Active,Cardio,Islamabad,38.5,1,49,52.2,2025-08-25,9
M0315,Female,48,45-54,2024-02-09,Standard,49.99,49.99,Expired,CrossFit,Rawalpindi,18.7,0,10,60.2,2025-08-04,6
M0316,Male,35,35-44,2023-06-07,Basic,29.99,29.99,Active,Yoga,Islamabad,26.8,1,28,54.8,2025-08-20,9
M0317,Male,39,35-44,2024-04-25,Standard,49.99,49.99,Expired,Cardio,Faisalabad,16.2,0,3,61.7,2025-08-01,3
M0318,Male,49,45-54,2023-11-17,Basic,29.99,29.99,Cancelled,Zumba,Lahore,21.5,0,3,66.0,2025-08-01,3
M0319,Male,30,25-34,2024-02-19,Annual,33.33,399.99,Active,Pilates,Multan,18.4,1,28,54.0,2025-08-26,8
M0320,Male,28,25-34,2022-08-26,Premium,79.99,79.99,Expired,Pilates,Islamabad,36.2,0,12,50.2,2025-08-27,4
M0321,Male,19,18-24,2023-06-18,Standard,49.99,49.99,Expired,Zumba,Rawalpindi,26.5,0,10,65.9,2025-07-28,4
M0322,Female,40,35-44,2022-10-10,Annual,33.33,399.99,Active,Spin,Multan,34.7,1,23,55.4,2025-08-31,7
M0323,Male,36,35-44,2023-02-25,Standard,49.99,49.99,Active,Pilates,Rawalpindi,30.2,1,22,54.7,2025-08-25,8
M0324,Female,18,18-24,2022-05-16,Standard,49.99,49.99,Active,Strength Training,Lahore,39.6,1,22,49.5,2025-08-30,9
M0325,Female,38,35-44,2024-05-23,Premium,79.99,79.99,Active,Zumba,Islamabad,15.3,1,43,56.7,2025-08-30,9
M0326,Female,26,25-34,2024-07-11,Premium,79.99,79.99,Active,Pilates,Karachi,13.7,1,38,53.5,2025-08-28,8
M0327,Male,31,25-34,2023-08-25,Premium,79.99,79.99,Cancelled,HIIT,Faisalabad,24.2,0,3,56.3,2025-08-19,2
M0328,Female,23,18-24,2024-11-09,Standard,49.99,49.99,Active,Spin,Karachi,9.7,1,20,48.8,2025-08-31,6
M0329,Female,27,25-34,2022-05-12,Standard,49.99,49.99,Expired,Strength Training,Karachi,39.7,0,8,62.5,2025-08-27,6
M0330,Male,55,55+,2024-04-01,Premium,79.99,79.99,Active,Cardio,Lahore,17.0,1,14,52.7,2025-08-31,5
M0331,Male,21,18-24,2024-07-29,Basic,29.99,29.99,Expired,Strength Training,Faisalabad,13.1,0,3,59.3,2025-08-04,2
M0332,Female,41,35-44,2022-12-02,Basic,29.99,29.99,Expired,HIIT,Islamabad,33.0,0,11,46.9,2025-08-08,5
M0333,Male,63,55+,2022-06-08,Basic,29.99,29.99,Active,CrossFit,Faisalabad,38.8,1,23,58.0,2025-08-26,6
M0334,Female,48,45-54,2025-01-04,Premium,79.99,79.99,Expired,Strength Training,Faisalabad,7.9,0,14,52.9,2025-08-21,7
M0335,Male,50,45-54,2024-01-10,Basic,29.99,29.99,Expired,Cardio,Lahore,19.7,0,13,51.5,2025-08-30,7
M0336,Male,62,55+,2024-02-02,Premium,79.99,79.99,Expired,Pilates,Rawalpindi,19.0,0,4,53.0,2025-06-02,2
M0337,Other,23,18-24,2023-10-22,Premium,79.99,79.99,Active,Cardio,Islamabad,22.3,1,33,51.9,2025-08-30,9
M0338,Male,27,25-34,2022-05-17,Annual,33.33,399.99,Active,Spin,Islamabad,39.5,1,35,56.4,2025-08-30,8
M0339,Female,62,55+,2022-09-11,Standard,49.99,49.99,Expired,Strength Training,Karachi,35.7,0,0,0.0,,0
M0340,Male,46,45-54,2023-07-01,Standard,49.99,49.99,Cancelled,Cardio,Lahore,26.1,0,4,54.8,2025-08-28,4
M0341,Female,23,18-24,2024-07-05,Standard,49.99,49.99,Active,Pilates,Karachi,13.9,1,15,53.9,2025-08-20,7
M0342,Male,23,18-24,2024-07-19,Standard,49.99,49.99,Expired,Pilates,Rawalpindi,13.4,0,8,46.8,2025-08-22,5
M0343,Female,42,35-44,2022-07-07,Standard,49.99,49.99,Cancelled,Pilates,Rawalpindi,37.8,0,2,58.5,2025-08-15,1
M0344,Male,52,45-54,2023-09-10,Basic,29.99,29.99,Active,Pilates,Karachi,23.7,1,16,57.6,2025-08-28,7
M0345,Male,53,45-54,2022-07-24,Basic,29.99,29.99,Active,Cardio,Karachi,37.3,1,28,59.7,2025-08-31,9
M0346,Female,50,45-54,2022-09-07,Standard,49.99,49.99,Active,Pilates,Karachi,35.8,1,24,54.9,2025-08-13,9
M0347,Female,32,25-34,2023-11-03,Premium,79.99,79.99,Cancelled,Spin,Karachi,21.9,0,0,0.0,,0
M0348,Other,54,45-54,2023-05-07,Premium,79.99,79.99,Expired,HIIT,Faisalabad,27.9,0,13,52.4,2025-08-27,7
M0349,Female,38,35-44,2024-09-10,Standard,49.99,49.99,Active,Yoga,Faisalabad,11.7,1,26,53.7,2025-08-22,8
M0350,Male,59,55+,2023-03-01,Basic,29.99,29.99,Expired,Pilates,Lahore,30.1,0,7,58.3,2025-08-15,4
M0351,Female,45,45-54,2023-08-16,Annual,33.33,399.99,Active,Yoga,Multan,24.5,1,40,56.0,2025-08-23,9
M0352,Female,23,18-24,2022-06-26,Standard,49.99,49.99,Active,HIIT,Faisalabad,38.2,1,22,58.7,2025-08-28,7
M0353,Female,51,45-54,2022-01-22,Premium,79.99,79.99,Expired,Strength Training,Faisalabad,43.3,0,8,49.9,2025-08-22,4
M0354,Female,27,25-34,2023-08-11,Basic,29.99,29.99,Active,Strength Training,Lahore,24.7,1,16,52.4,2025-08-25,5
M0355,Male,43,35-44,2024-08-17,Standard,49.99,49.99,Cancelled,Pilates,Rawalpindi,12.5,0,7,62.0,2025-08-21,6
M0356,Female,32,25-34,2022-08-02,Basic,29.99,29.99,Active,Cardio,Multan,37.0,1,17,53.3,2025-08-25,8
M0357,Male,19,18-24,2024-09-27,Standard,49.99,49.99,Expired,Pilates,Islamabad,11.1,0,6,62.5,2025-08-20,4
M0358,Male,23,18-24,2024-12-03,Standard,49.99,49.99,Active,Zumba,Lahore,8.9,1,19,55.2,2025-08-20,6
M0359,Male,28,25-34,2023-01-14,Standard,49.99,49.99,Expired,HIIT,Rawalpindi,31.6,0,11,60.7,2025-08-27,5
M0360,Female,25,25-34,2023-04-21,Premium,79.99,79.99,Active,Zumba,Multan,28.4,1,48,55.9,2025-08-31,9
M0361,Male,19,18-24,2023-07-08,Standard,49.99,49.99,Expired,Strength Training,Faisalabad,25.8,0,8,62.6,2025-08-09,6
M0362,Male,55,55+,2022-09-16,Annual,33.33,399.99,Active,Yoga,Faisalabad,35.5,1,48,56.5,2025-08-29,8
M0363,Female,21,18-24,2024-07-16,Premium,79.99,79.99,Active,Pilates,Multan,13.5,1,31,58.5,2025-08-23,9
M0364,Other,33,25-34,2023-06-28,Basic,29.99,29.99,Expired,Spin,Faisalabad,26.1,0,12,55.2,2025-08-24,7
M0365,Female,55,55+,2023-11-01,Standard,49.99,49.99,Active,Strength Training,Islamabad,22.0,1,11,65.0,2025-08-29,3
M0366,Male,51,45-54,2022-05-11,Standard,49.99,49.99,Expired,Pilates,Faisalabad,39.7,0,14,50.1,2025-08-17,5
M0367,Female,55,55+,2022-08-15,Basic,29.99,29.99,Cancelled,Strength Training,Rawalpindi,36.6,0,5,55.6,2025-08-24,4
M0368,Male,41,35-44,2024-07-31,Premium,79.99,79.99,Active,Strength Training,Rawalpindi,13.0,1,49,53.2,2025-08-30,8
M0369,Female,45,45-54,2023-04-21,Standard,49.99,49.99,Active,Pilates,Lahore,28.4,1,8,46.9,2025-08-29,4
M0370,Male,64,55+,2024-09-07,Standard,49.99,49.99,Cancelled,Strength Training,Lahore,11.8,0,3,58.3,2025-05-23,3
M0371,Female,22,18-24,2022-10-06,Standard,49.99,49.99,Active,Pilates,Islamabad,34.9,1,9,57.1,2025-08-23,4
M0372,Male,51,45-54,2024-07-19,Basic,29.99,29.99,Expired,CrossFit,Rawalpindi,13.4,0,13,62.1,2025-08-01,6
M0373,Female,18,18-24,2024-12-06,Basic,29.99,29.99,Cancelled,Zumba,Islamabad,8.8,0,1,27.0,2025-08-24,1
M0374,Male,32,25-34,2023-05-31,Annual,33.33,399.99,Active,Strength Training,Lahore,27.1,1,28,55.5,2025-08-31,8
M0375,Male,29,25-34,2024-08-06,Premium,79.99,79.99,Cancelled,Yoga,Islamabad,12.8,0,2,25.0,2025-04-17,1
M0376,Female,23,18-24,2024-04-24,Annual,33.33,399.99,Active,Zumba,Islamabad,16.3,1,34,52.5,2025-08-29,7
M0377,Male,25,25-34,2024-06-06,Standard,49.99,49.99,Active,Strength Training,Multan,14.8,1,19,56.4,2025-07-29,7
M0378,Female,31,25-34,2023-08-19,Basic,29.99,29.99,Active,Zumba,Multan,24.4,1,10,56.1,2025-07-31,4
M0379,Female,36,35-44,2022-03-24,Annual,33.33,399.99,Expired,Cardio,Faisalabad,41.3,0,7,54.4,2025-08-26,4
M0380,Female,36,35-44,2024-12-22,Standard,49.99,49.99,Expired,Pilates,Multan,8.3,0,3,58.3,2025-07-27,2
M0381,Male,50,45-54,2023-11-07,Basic,29.99,29.99,Active,Yoga,Multan,21.8,1,15,54.3,2025-08-28,5
M0382,Female,47,45-54,2024-03-31,Basic,29.99,29.99,Active,Strength Training,Rawalpindi,17.0,1,10,55.8,2025-08-02,5
M0383,Male,63,55+,2024-09-14,Annual,33.33,399.99,Active,CrossFit,Faisalabad,11.6,1,28,56.3,2025-08-27,8
M0384,Male,52,45-54,2024-12-21,Premium,79.99,79.99,Active,Pilates,Karachi,8.3,1,39,56.0,2025-08-28,8
M0385,Male,20,18-24,2023-10-23,Basic,29.99,29.99,Cancelled,Spin,Faisalabad,22.3,0,1,23.0,2025-06-27,1
M0386,Male,18,18-24,2024-11-24,Premium,79.99,79.99,Cancelled,Zumba,Rawalpindi,9.2,0,7,66.3,2025-08-26,6
M0387,Male,58,55+,2023-03-14,Standard,49.99,49.99,Expired,Cardio,Faisalabad,29.6,0,10,63.2,2025-08-19,5
M0388,Female,37,35-44,2023-02-10,Standard,49.99,49.99,Expired,Strength Training,Rawalpindi,30.7,0,4,48.2,2025-07-21,1
M0389,Female,62,55+,2022-12-14,Basic,29.99,29.99,Active,Cardio,Karachi,32.6,1,26,52.6,2025-08-31,9
M0390,Male,40,35-44,2022-12-13,Premium,79.99,79.99,Active,Pilates,Lahore,32.6,1,40,52.3,2025-08-30,9
M0391,Male,25,25-34,2023-07-27,Standard,49.99,49.99,Active,HIIT,Lahore,25.2,1,22,56.0,2025-08-29,8
M0392,Male,57,55+,2023-03-17,Standard,49.99,49.99,Active,CrossFit,Faisalabad,29.5,1,13,59.3,2025-08-27,6
M0393,Male,25,25-34,2023-10-15,Standard,49.99,49.99,Cancelled,Cardio,Lahore,22.6,0,2,57.0,2025-05-01,2
M0394,Male,59,55+,2023-08-25,Standard,49.99,49.99,Active,Pilates,Lahore,24.2,1,19,50.8,2025-08-30,8
M0395,Female,56,55+,2024-03-27,Standard,49.99,49.99,Active,Zumba,Faisalabad,17.2,1,14,52.8,2025-08-30,4
M0396,Male,63,55+,2024-02-18,Basic,29.99,29.99,Active,CrossFit,Rawalpindi,18.4,1,28,55.3,2025-08-29,8
M0397,Female,62,55+,2022-01-19,Standard,49.99,49.99,Cancelled,CrossFit,Lahore,43.4,0,5,57.6,2025-08-16,3
M0398,Female,25,25-34,2023-08-25,Annual,33.33,399.99,Expired,Pilates,Multan,24.2,0,12,50.2,2025-08-16,6
M0399,Female,37,35-44,2024-10-01,Premium,79.99,79.99,Active,HIIT,Rawalpindi,11.0,1,41,58.1,2025-08-30,9
M0400,Male,54,45-54,2024-09-16,Premium,79.99,79.99,Expired,Cardio,Rawalpindi,11.5,0,13,55.9,2025-08-18,8
M0401,Male,56,55+,2022-11-28,Basic,29.99,29.99,Active,Spin,Lahore,33.1,1,10,60.4,2025-08-31,6
M0402,Male,27,25-34,2022-07-21,Standard,49.99,49.99,Expired,Strength Training,Multan,37.4,0,7,61.4,2025-08-27,6
M0403,Female,37,35-44,2023-12-14,Standard,49.99,49.99,Cancelled,Spin,Karachi,20.6,0,7,45.9,2025-08-31,4
M0404,Female,34,25-34,2023-01-22,Standard,49.99,49.99,Active,Cardio,Islamabad,31.3,1,22,50.5,2025-08-25,9
M0405,Female,43,35-44,2022-08-23,Standard,49.99,49.99,Expired,Pilates,Lahore,36.3,0,6,64.3,2025-07-10,3
M0406,Female,55,55+,2022-08-11,Standard,49.99,49.99,Cancelled,Pilates,Islamabad,36.7,0,0,0.0,,0
M0407,Female,55,55+,2023-02-24,Premium,79.99,79.99,Active,Cardio,Rawalpindi,30.2,1,15,44.3,2025-08-21,7
M0408,Male,40,35-44,2022-07-14,Annual,33.33,399.99,Cancelled,CrossFit,Karachi,37.6,0,4,67.2,2025-07-23,2
M0409,Male,24,18-24,2023-11-10,Standard,49.99,49.99,Active,CrossFit,Lahore,21.7,1,16,49.7,2025-08-06,7
M0410,Female,35,35-44,2023-07-13,Basic,29.99,29.99,Active,Strength Training,Islamabad,25.7,1,26,56.1,2025-08-09,8
M0411,Female,22,18-24,2022-05-06,Standard,49.99,49.99,Active,CrossFit,Rawalpindi,39.9,1,28,54.4,2025-08-30,8
M0412,Male,22,18-24,2024-04-12,Basic,29.99,29.99,Active,CrossFit,Islamabad,16.7,1,28,55.0,2025-08-30,7
M0413,Male,63,55+,2022-03-16,Basic,29.99,29.99,Active,CrossFit,Islamabad,41.6,1,6,55.2,2025-08-21,3
M0414,Male,47,45-54,2022-09-19,Premium,79.99,79.99,Active,HIIT,Faisalabad,35.4,1,33,51.9,2025-08-30,7
M0415,Female,23,18-24,2022-06-19,Standard,49.99,49.99,Active,Cardio,Lahore,38.4,1,29,55.2,2025-08-31,8
M0416,Male,34,25-34,2023-01-04,Basic,29.99,29.99,Expired,CrossFit,Multan,31.9,0,3,66.3,2025-06-13,2
M0417,Female,30,25-34,2022-03-09,Annual,33.33,399.99,Active,Pilates,Faisalabad,41.8,1,31,47.4,2025-08-26,8
M0418,Female,49,45-54,2022-12-09,Standard,49.99,49.99,Active,HIIT,Lahore,32.8,1,15,58.1,2025-08-30,8
M0419,Female,61,55+,2022-12-07,Standard,49.99,49.99,Active,Cardio,Islamabad,32.8,1,24,52.0,2025-08-24,7
M0420,Male,53,45-54,2023-04-28,Basic,29.99,29.99,Cancelled,Yoga,Islamabad,28.2,0,7,60.4,2025-08-31,3
M0421,Male,36,35-44,2022-04-14,Standard,49.99,49.99,Expired,Spin,Rawalpindi,40.6,0,7,55.7,2025-08-21,3
M0422,Male,36,35-44,2023-06-01,Standard,49.99,49.99,Active,Strength Training,Faisalabad,27.0,1,13,54.8,2025-08-24,4
M0423,Female,38,35-44,2022-09-24,Standard,49.99,49.99,Active,Zumba,Rawalpindi,35.2,1,24,57.2,2025-08-31,6
M0424,Female,29,25-34,2024-09-03,Premium,79.99,79.99,Active,Strength Training,Islamabad,11.9,1,48,56.1,2025-08-29,9
M0425,Male,49,45-54,2023-10-28,Annual,33.33,399.99,Active,Zumba,Karachi,22.1,1,27,52.7,2025-08-29,9
M0426,Female,34,25-34,2023-02-11,Standard,49.99,49.99,Active,Pilates,Islamabad,30.7,1,29,51.1,2025-08-29,8
M0427,Female,64,55+,2022-03-23,Standard,49.99,49.99,Expired,Spin,Islamabad,41.3,0,6,58.7,2025-08-16,3
M0428,Male,62,55+,2024-12-07,Annual,33.33,399.99,Active,Yoga,Lahore,8.8,1,15,52.7,2025-08-31,7
M0429,Male,22,18-24,2024-04-19,Basic,29.99,29.99,Cancelled,Pilates,Faisalabad,16.4,0,4,55.8,2025-08-30,3
M0430,Female,39,35-44,2022-10-14,Premium,79.99,79.99,Expired,Strength Training,Islamabad,34.6,0,0,0.0,,0
M0431,Female,33,25-34,2024-06-24,Basic,29.99,29.99,Active,Yoga,Islamabad,14.3,1,17,48.5,2025-08-24,6
M0432,Other,52,45-54,2023-11-27,Standard,49.99,49.99,Expired,CrossFit,Karachi,21.2,0,8,48.6,2025-08-15,5
M0433,Female,20,18-24,2022-04-23,Basic,29.99,29.99,Active,Yoga,Faisalabad,40.3,1,16,64.3,2025-08-13,6
M0434,Female,25,25-34,2022-01-01,Basic,29.99,29.99,Active,CrossFit,Lahore,44.0,1,5,68.0,2025-07-10,3
M0435,Male,57,55+,2022-09-14,Premium,79.99,79.99,Expired,HIIT,Multan,35.6,0,1,81.0,2025-05-07,1
M0436,Male,25,25-34,2023-02-18,Basic,29.99,29.99,Active,Cardio,Faisalabad,30.4,1,8,48.6,2025-07-27,4
M0437,Female,33,25-34,2022-02-14,Annual,33.33,399.99,Active,Yoga,Karachi,42.5,1,48,53.5,2025-08-30,9
M0438,Male,64,55+,2022-11-18,Basic,29.99,29.99,Active,HIIT,Islamabad,33.4,1,27,52.0,2025-08-30,7
M0439,Male,44,35-44,2024-06-22,Basic,29.99,29.99,Active,Zumba,Faisalabad,14.3,1,21,51.9,2025-08-22,8
M0440,Female,30,25-34,2022-11-17,Standard,49.99,49.99,Active,Spin,Islamabad,33.5,1,6,38.2,2025-08-15,4
M0441,Male,49,45-54,2023-12-27,Basic,29.99,29.99,Expired,HIIT,Rawalpindi,20.2,0,8,46.4,2025-08-17,6
M0442,Male,45,45-54,2023-10-22,Premium,79.99,79.99,Active,Spin,Multan,22.3,1,46,52.4,2025-08-29,9
M0443,Female,40,35-44,2024-11-19,Standard,49.99,49.99,Active,Cardio,Multan,9.4,1,22,54.4,2025-08-27,7
M0444,Female,58,55+,2024-04-29,Premium,79.99,79.99,Expired,Zumba,Lahore,16.1,0,8,62.1,2025-08-04,5
M0445,Male,35,35-44,2024-09-17,Basic,29.99,29.99,Expired,Pilates,Lahore,11.5,0,14,56.1,2025-08-19,6
M0446,Female,61,55+,2024-03-28,Standard,49.99,49.99,Active,Spin,Rawalpindi,17.1,1,28,52.8,2025-08-26,9
M0447,Female,44,35-44,2023-09-25,Standard,49.99,49.99,Active,Cardio,Rawalpindi,23.2,1,23,45.0,2025-08-03,7
M0448,Male,23,18-24,2024-06-29,Annual,33.33,399.99,Active,Cardio,Islamabad,14.1,1,33,54.2,2025-08-21,8
M0449,Female,50,45-54,2023-02-05,Premium,79.99,79.99,Active,Yoga,Karachi,30.8,1,14,50.1,2025-08-31,5
M0450,Male,30,25-34,2022-06-24,Basic,29.99,29.99,Expired,CrossFit,Rawalpindi,38.3,0,6,58.7,2025-07-12,3
M0451,Male,47,45-54,2023-06-07,Annual,33.33,399.99,Active,Cardio,Islamabad,26.8,1,43,51.3,2025-08-28,8
M0452,Male,56,55+,2024-03-20,Basic,29.99,29.99,Active,Yoga,Islamabad,17.4,1,9,53.4,2025-08-11,5
M0453,Male,58,55+,2022-08-15,Standard,49.99,49.99,Active,Spin,Faisalabad,36.6,1,29,53.2,2025-08-25,7
M0454,Male,55,55+,2022-01-31,Premium,79.99,79.99,Active,CrossFit,Multan,43.0,1,25,56.6,2025-08-26,8
M0455,Male,26,25-34,2023-09-13,Premium,79.99,79.99,Active,Zumba,Rawalpindi,23.6,1,48,51.1,2025-08-30,9
M0456,Male,61,55+,2022-10-01,Premium,79.99,79.99,Cancelled,CrossFit,Multan,35.0,0,5,51.4,2025-08-24,5
M0457,Female,52,45-54,2024-12-24,Annual,33.33,399.99,Active,Yoga,Multan,8.2,1,43,58.4,2025-08-25,9
M0458,Male,27,25-34,2022-02-23,Standard,49.99,49.99,Active,Spin,Multan,42.2,1,14,53.8,2025-08-01,5
M0459,Male,20,18-24,2024-05-17,Annual,33.33,399.99,Active,Yoga,Rawalpindi,15.5,1,22,60.6,2025-08-31,8
M0460,Male,53,45-54,2024-06-02,Basic,29.99,29.99,Active,HIIT,Multan,15.0,1,22,54.0,2025-08-07,9
M0461,Male,57,55+,2022-04-29,Premium,79.99,79.99,Expired,Cardio,Islamabad,40.1,0,2,45.0,2025-06-30,2
M0462,Male,23,18-24,2022-06-24,Premium,79.99,79.99,Active,CrossFit,Faisalabad,38.3,1,49,51.1,2025-08-18,9
M0463,Male,29,25-34,2023-10-27,Premium,79.99,79.99,Active,Strength Training,Faisalabad,22.2,1,14,55.4,2025-07-29,6
M0464,Female,26,25-34,2023-04-29,Standard,49.99,49.99,Cancelled,CrossFit,Lahore,28.1,0,2,59.5,2025-06-27,2
M0465,Male,39,35-44,2024-09-09,Premium,79.99,79.99,Active,CrossFit,Islamabad,11.7,1,14,54.2,2025-07-24,5
M0466,Female,30,25-34,2023-05-04,Annual,33.33,399.99,Active,Zumba,Rawalpindi,28.0,1,29,54.2,2025-08-28,8
M0467,Female,22,18-24,2023-05-31,Annual,33.33,399.99,Cancelled,Cardio,Karachi,27.1,0,4,65.0,2025-04-30,2
M0468,Male,43,35-44,2023-06-24,Premium,79.99,79.99,Active,HIIT,Lahore,26.3,1,47,53.8,2025-08-18,9
M0469,Male,36,35-44,2022-01-26,Premium,79.99,79.99,Active,Spin,Rawalpindi,43.2,1,26,57.4,2025-08-18,8
M0470,Male,18,18-24,2024-10-03,Basic,29.99,29.99,Expired,Cardio,Multan,10.9,0,4,53.5,2025-06-24,2
M0471,Female,48,45-54,2022-08-04,Premium,79.99,79.99,Active,HIIT,Karachi,36.9,1,36,50.4,2025-08-21,8
M0472,Female,50,45-54,2022-01-05,Standard,49.99,49.99,Active,Strength Training,Karachi,43.9,1,22,56.3,2025-08-21,5
M0473,Male,63,55+,2022-01-15,Standard,49.99,49.99,Cancelled,Pilates,Multan,43.5,0,1,43.0,2025-05-25,1
M0474,Male,63,55+,2023-08-21,Premium,79.99,79.99,Active,Pilates,Islamabad,24.4,1,47,54.5,2025-08-29,8
M0475,Male,62,55+,2024-09-16,Annual,33.33,399.99,Active,Yoga,Lahore,11.5,1,35,59.8,2025-08-24,8
M0476,Female,45,45-54,2022-11-27,Premium,79.99,79.99,Cancelled,Yoga,Rawalpindi,33.1,0,2,56.5,2025-07-08,1
M0477,Male,29,25-34,2023-07-14,Standard,49.99,49.99,Cancelled,Yoga,Karachi,25.6,0,4,61.2,2025-07-08,3
M0478,Other,35,35-44,2024-11-08,Basic,29.99,29.99,Active,Cardio,Rawalpindi,9.8,1,25,54.0,2025-08-11,6
M0479,Female,34,25-34,2024-06-01,Premium,79.99,79.99,Active,Spin,Karachi,15.0,1,47,53.5,2025-08-24,9
M0480,Female,25,25-34,2024-07-18,Premium,79.99,79.99,Active,Cardio,Multan,13.5,1,16,53.3,2025-08-21,6
M0481,Female,37,35-44,2024-04-12,Standard,49.99,49.99,Expired,Pilates,Faisalabad,16.7,0,7,53.3,2025-07-31,4
M0482,Male,53,45-54,2022-03-27,Standard,49.99,49.99,Cancelled,CrossFit,Rawalpindi,41.2,0,6,58.3,2025-08-22,3
M0483,Female,57,55+,2022-06-20,Basic,29.99,29.99,Cancelled,CrossFit,Islamabad,38.4,0,4,45.2,2025-08-26,3
M0484,Female,20,18-24,2024-02-29,Standard,49.99,49.99,Active,Spin,Karachi,18.1,1,28,52.4,2025-08-29,9
M0485,Female,44,35-44,2024-01-10,Basic,29.99,29.99,Active,Yoga,Lahore,19.7,1,15,57.7,2025-08-25,8
M0486,Female,37,35-44,2023-08-28,Standard,49.99,49.99,Expired,Strength Training,Islamabad,24.1,0,1,91.0,2025-03-11,1
M0487,Female,46,45-54,2023-12-19,Standard,49.99,49.99,Cancelled,Strength Training,Karachi,20.4,0,5,53.8,2025-08-15,3
M0488,Female,43,35-44,2022-11-20,Premium,79.99,79.99,Cancelled,Cardio,Karachi,33.4,0,0,0.0,,0
M0489,Male,18,18-24,2022-11-11,Basic,29.99,29.99,Active,HIIT,Faisalabad,33.7,1,24,50.7,2025-08-27,8
M0490,Male,38,35-44,2024-01-03,Standard,49.99,49.99,Expired,HIIT,Islamabad,19.9,0,12,51.2,2025-08-14,5
M0491,Female,24,18-24,2023-02-07,Basic,29.99,29.99,Active,Spin,Faisalabad,30.8,1,22,55.0,2025-08-29,7
M0492,Female,32,25-34,2023-04-07,Premium,79.99,79.99,Active,Spin,Faisalabad,28.8,1,46,50.7,2025-08-30,8
M0493,Male,63,55+,2023-07-07,Basic,29.99,29.99,Expired,Yoga,Islamabad,25.9,0,9,48.0,2025-08-20,4
M0494,Male,18,18-24,2024-04-15,Basic,29.99,29.99,Cancelled,CrossFit,Islamabad,16.6,0,5,53.4,2025-07-05,4
M0495,Female,46,45-54,2022-02-09,Basic,29.99,29.99,Expired,HIIT,Rawalpindi,42.7,0,4,60.0,2025-08-13,1
M0496,Female,40,35-44,2022-10-17,Annual,33.33,399.99,Active,Zumba,Multan,34.5,1,16,48.1,2025-08-27,6
M0497,Male,23,18-24,2022-06-30,Premium,79.99,79.99,Active,HIIT,Multan,38.1,1,24,52.3,2025-08-23,8
M0498,Male,64,55+,2022-07-31,Basic,29.99,29.99,Active,Cardio,Multan,37.1,1,20,52.6,2025-08-26,6
M0499,Female,40,35-44,2023-02-24,Premium,79.99,79.99,Cancelled,Pilates,Multan,30.2,0,4,63.0,2025-08-22,4
M0500,Male,31,25-34,2024-05-18,Premium,79.99,79.99,Cancelled,CrossFit,Islamabad,15.5,0,7,52.9,2025-08-19,4
M0501,Male,39,35-44,2024-12-06,Premium,79.99,79.99,Cancelled,Spin,Lahore,8.8,0,4,51.8,2025-07-17,2
M0502,Male,27,25-34,2022-09-29,Basic,29.99,29.99,Active,HIIT,Multan,35.1,1,6,53.2,2025-07-12,5
M0503,Male,39,35-44,2023-06-05,Basic,29.99,29.99,Expired,Cardio,Rawalpindi,26.9,0,4,51.0,2025-07-21,3
M0504,Female,18,18-24,2022-06-02,Basic,29.99,29.99,Expired,Strength Training,Rawalpindi,39.0,0,8,44.2,2025-08-20,6
M0505,Female,32,25-34,2023-05-04,Standard,49.99,49.99,Active,Strength Training,Multan,28.0,1,11,63.6,2025-08-25,5
M0506,Male,34,25-34,2024-10-21,Basic,29.99,29.99,Active,Yoga,Faisalabad,10.3,1,18,47.5,2025-08-22,7
M0507,Male,20,18-24,2022-03-14,Standard,49.99,49.99,Active,Yoga,Rawalpindi,41.6,1,28,54.5,2025-08-23,6
M0508,Male,34,25-34,2022-06-24,Standard,49.99,49.99,Active,Zumba,Rawalpindi,38.3,1,27,54.3,2025-08-26,8
M0509,Female,36,35-44,2024-05-13,Premium,79.99,79.99,Active,Strength Training,Multan,15.6,1,41,53.7,2025-08-24,9
M0510,Female,21,18-24,2024-04-05,Standard,49.99,49.99,Cancelled,Spin,Islamabad,16.9,0,6,50.3,2025-08-29,4
M0511,Male,36,35-44,2024-06-20,Standard,49.99,49.99,Cancelled,Spin,Islamabad,14.4,0,4,35.2,2025-07-05,2
M0512,Female,52,45-54,2023-01-25,Basic,29.99,29.99,Cancelled,CrossFit,Islamabad,31.2,0,4,54.2,2025-08-19,3
M0513,Female,39,35-44,2023-03-28,Standard,49.99,49.99,Active,Spin,Multan,29.2,1,19,51.6,2025-08-26,7
M0514,Female,36,35-44,2023-01-10,Standard,49.99,49.99,Cancelled,Cardio,Rawalpindi,31.7,0,7,64.0,2025-06-17,6
M0515,Male,22,18-24,2022-04-23,Basic,29.99,29.99,Active,Yoga,Multan,40.3,1,10,46.6,2025-07-21,6
M0516,Male,50,45-54,2023-06-01,Premium,79.99,79.99,Active,CrossFit,Lahore,27.0,1,34,54.5,2025-08-24,9
M0517,Male,47,45-54,2022-01-19,Premium,79.99,79.99,Active,Cardio,Lahore,43.4,1,25,54.8,2025-08-26,7
M0518,Female,36,35-44,2023-01-26,Standard,49.99,49.99,Active,Spin,Rawalpindi,31.2,1,17,54.7,2025-08-20,6
M0519,Other,58,55+,2024-11-18,Standard,49.99,49.99,Cancelled,HIIT,Multan,9.4,0,2,59.5,2025-08-21,1
M0520,Female,22,18-24,2022-07-21,Basic,29.99,29.99,Cancelled,Yoga,Faisalabad,37.4,0,6,72.3,2025-04-24,2
M0521,Male,24,18-24,2023-03-01,Basic,29.99,29.99,Active,HIIT,Karachi,30.1,1,20,54.1,2025-07-28,8
M0522,Female,55,55+,2022-07-27,Standard,49.99,49.99,Active,Strength Training,Islamabad,37.2,1,6,53.8,2025-08-24,4
M0523,Male,58,55+,2023-10-31,Annual,33.33,399.99,Active,Cardio,Islamabad,22.0,1,25,52.4,2025-08-10,7
M0524,Female,51,45-54,2023-08-19,Basic,29.99,29.99,Expired,Pilates,Islamabad,24.4,0,14,56.1,2025-08-22,5
M0525,Female,58,55+,2022-03-14,Premium,79.99,79.99,Expired,Strength Training,Rawalpindi,41.6,0,2,52.0,2025-07-22,1
M0526,Male,43,35-44,2022-09-15,Annual,33.33,399.99,Cancelled,Spin,Islamabad,35.5,0,0,0.0,,0
M0527,Female,39,35-44,2023-10-24,Annual,33.33,399.99,Active,Pilates,Lahore,22.3,1,18,63.8,2025-08-18,6
M0528,Male,24,18-24,2022-10-11,Standard,49.99,49.99,Active,Cardio,Islamabad,34.7,1,28,55.0,2025-08-25,9
M0529,Male,49,45-54,2025-01-01,Premium,79.99,79.99,Active,Pilates,Lahore,8.0,1,49,53.8,2025-08-31,9
M0530,Female,52,45-54,2024-04-21,Basic,29.99,29.99,Active,Spin,Lahore,16.4,1,5,49.6,2025-07-25,3
M0531,Male,26,25-34,2023-01-02,Basic,29.99,29.99,Active,Strength Training,Rawalpindi,32.0,1,26,56.5,2025-08-30,8
M0532,Male,37,35-44,2022-02-12,Standard,49.99,49.99,Active,Zumba,Lahore,42.6,1,22,55.1,2025-08-13,8
M0533,Male,64,55+,2024-01-27,Annual,33.33,399.99,Active,Yoga,Lahore,19.2,1,21,52.4,2025-08-17,8
M0534,Male,28,25-34,2022-03-10,Basic,29.99,29.99,Cancelled,Strength Training,Multan,41.8,0,5,51.0,2025-08-06,3
M0535,Female,27,25-34,2022-11-27,Standard,49.99,49.99,Active,Zumba,Islamabad,33.1,1,14,52.9,2025-08-30,6
M0536,Male,27,25-34,2022-11-15,Standard,49.99,49.99,Active,Zumba,Islamabad,33.5,1,5,49.2,2025-08-30,4
M0537,Female,23,18-24,2023-11-22,Premium,79.99,79.99,Active,Zumba,Lahore,21.3,1,19,52.5,2025-08-31,5
M0538,Female,35,35-44,2024-03-06,Annual,33.33,399.99,Expired,Spin,Karachi,17.9,0,3,59.0,2025-08-08,2
M0539,Male,55,55+,2023-03-21,Annual,33.33,399.99,Active,Cardio,Karachi,29.4,1,12,57.6,2025-08-05,5
M0540,Female,28,25-34,2022-04-02,Standard,49.99,49.99,Active,Spin,Rawalpindi,41.0,1,21,53.9,2025-08-23,8
M0541,Female,41,35-44,2022-09-13,Standard,49.99,49.99,Active,Zumba,Lahore,35.6,1,14,51.4,2025-08-12,7
M0542,Female,18,18-24,2024-04-02,Premium,79.99,79.99,Active,Spin,Faisalabad,17.0,1,14,47.7,2025-08-31,7
M0543,Female,24,18-24,2023-10-07,Premium,79.99,79.99,Cancelled,Zumba,Rawalpindi,22.8,0,4,55.5,2025-07-22,3
M0544,Male,29,25-34,2024-03-13,Premium,79.99,79.99,Active,CrossFit,Karachi,17.6,1,18,50.6,2025-08-24,7
M0545,Female,41,35-44,2022-10-04,Premium,79.99,79.99,Active,Zumba,Multan,34.9,1,12,49.4,2025-08-13,5
M0546,Male,63,55+,2023-06-28,Premium,79.99,79.99,Expired,HIIT,Karachi,26.1,0,7,63.3,2025-08-04,5
M0547,Male,26,25-34,2024-03-17,Basic,29.99,29.99,Active,Spin,Islamabad,17.5,1,26,57.0,2025-08-31,8
M0548,Female,59,55+,2024-11-28,Basic,29.99,29.99,Cancelled,Cardio,Islamabad,9.1,0,6,58.3,2025-08-03,4
M0549,Male,46,45-54,2023-02-18,Standard,49.99,49.99,Expired,Zumba,Faisalabad,30.4,0,5,59.0,2025-07-13,5
M0550,Male,40,35-44,2023-11-03,Premium,79.99,79.99,Active,Zumba,Faisalabad,21.9,1,15,47.8,2025-08-03,7
M0551,Male,47,45-54,2023-03-26,Standard,49.99,49.99,Expired,Yoga,Multan,29.2,0,9,57.2,2025-08-29,5
M0552,Male,31,25-34,2023-12-22,Standard,49.99,49.99,Expired,Zumba,Rawalpindi,20.3,0,7,57.6,2025-08-11,6
M0553,Male,45,45-54,2022-04-25,Basic,29.99,29.99,Active,Zumba,Multan,40.2,1,6,59.8,2025-07-27,4
M0554,Female,41,35-44,2022-05-27,Standard,49.99,49.99,Expired,Spin,Lahore,39.2,0,3,52.7,2025-08-03,2
M0555,Female,57,55+,2024-08-15,Annual,33.33,399.99,Active,Yoga,Faisalabad,12.5,1,28,54.9,2025-08-31,9
M0556,Female,18,18-24,2024-08-03,Standard,49.99,49.99,Active,CrossFit,Faisalabad,12.9,1,10,59.1,2025-08-17,4
M0557,Male,46,45-54,2023-07-14,Standard,49.99,49.99,Active,CrossFit,Karachi,25.6,1,5,49.2,2025-06-24,2
M0558,Male,20,18-24,2022-01-17,Basic,29.99,29.99,Active,Yoga,Faisalabad,43.5,1,25,52.4,2025-08-22,8
M0559,Female,42,35-44,2022-07-12,Basic,29.99,29.99,Expired,Strength Training,Faisalabad,37.7,0,4,54.0,2025-07-17,3
M0560,Female,45,45-54,2023-02-20,Premium,79.99,79.99,Cancelled,CrossFit,Lahore,30.4,0,5,62.2,2025-07-18,5
M0561,Male,61,55+,2023-05-20,Annual,33.33,399.99,Active,Yoga,Multan,27.4,1,44,54.6,2025-08-26,9
M0562,Male,32,25-34,2022-12-05,Premium,79.99,79.99,Active,Spin,Multan,32.9,1,37,55.0,2025-08-19,9
M0563,Male,19,18-24,2023-06-26,Standard,49.99,49.99,Active,Pilates,Multan,26.2,1,15,56.7,2025-08-24,7
M0564,Male,32,25-34,2023-12-17,Basic,29.99,29.99,Expired,Yoga,Lahore,20.5,0,2,54.0,2025-08-11,2
M0565,Male,32,25-34,2023-11-16,Standard,49.99,49.99,Active,Spin,Islamabad,21.5,1,27,55.7,2025-08-25,8
M0566,Male,57,55+,2022-11-19,Basic,29.99,29.99,Active,Pilates,Rawalpindi,33.4,1,15,52.8,2025-07-16,7
M0567,Male,44,35-44,2024-04-22,Premium,79.99,79.99,Expired,HIIT,Multan,16.3,0,0,0.0,,0
M0568,Female,51,45-54,2023-07-15,Standard,49.99,49.99,Expired,Zumba,Lahore,25.6,0,13,52.0,2025-08-28,7
M0569,Female,56,55+,2022-09-07,Standard,49.99,49.99,Active,Cardio,Lahore,35.8,1,12,52.2,2025-08-13,5
M0570,Female,24,18-24,2023-04-30,Basic,29.99,29.99,Expired,Zumba,Rawalpindi,28.1,0,4,43.5,2025-07-10,3
M0571,Female,48,45-54,2024-07-13,Basic,29.99,29.99,Active,CrossFit,Karachi,13.6,1,9,48.0,2025-08-21,5
M0572,Male,59,55+,2024-03-14,Annual,33.33,399.99,Active,Spin,Faisalabad,17.6,1,27,57.5,2025-08-17,9
M0573,Female,57,55+,2022-09-24,Basic,29.99,29.99,Active,HIIT,Multan,35.2,1,5,43.8,2025-07-29,5
M0574,Female,32,25-34,2024-01-04,Annual,33.33,399.99,Active,HIIT,Karachi,19.9,1,43,56.2,2025-08-24,9
M0575,Male,49,45-54,2023-01-31,Standard,49.99,49.99,Active,Pilates,Multan,31.0,1,9,48.8,2025-08-18,4
M0576,Male,47,45-54,2023-05-20,Basic,29.99,29.99,Cancelled,Pilates,Faisalabad,27.4,0,1,39.0,2025-03-20,1
M0577,Female,44,35-44,2022-06-05,Standard,49.99,49.99,Active,Pilates,Karachi,38.9,1,10,54.5,2025-08-31,6
M0578,Female,49,45-54,2024-09-25,Premium,79.99,79.99,Cancelled,Pilates,Rawalpindi,11.2,0,4,43.2,2025-07-15,3
M0579,Male,18,18-24,2022-12-06,Standard,49.99,49.99,Active,Pilates,Multan,32.9,1,10,52.1,2025-08-21,6
M0580,Female,22,18-24,2024-06-11,Annual,33.33,399.99,Active,Pilates,Karachi,14.7,1,38,58.3,2025-08-31,9
M0581,Female,57,55+,2024-06-20,Standard,49.99,49.99,Active,Zumba,Faisalabad,14.4,1,15,47.5,2025-08-21,7
M0582,Female,50,45-54,2022-08-18,Basic,29.99,29.99,Expired,CrossFit,Multan,36.5,0,0,0.0,,0
M0583,Female,48,45-54,2023-11-19,Premium,79.99,79.99,Cancelled,Spin,Karachi,21.4,0,3,53.7,2025-08-09,3
M0584,Male,33,25-34,2022-12-31,Standard,49.99,49.99,Expired,Yoga,Islamabad,32.0,0,10,56.3,2025-07-24,5
M0585,Male,28,25-34,2024-10-08,Annual,33.33,399.99,Expired,Cardio,Faisalabad,10.8,0,7,54.7,2025-08-10,3
M0586,Female,41,35-44,2024-03-13,Basic,29.99,29.99,Active,CrossFit,Rawalpindi,17.6,1,14,54.8,2025-08-01,8
M0587,Female,20,18-24,2022-07-26,Standard,49.99,49.99,Active,Spin,Faisalabad,37.2,1,15,41.2,2025-08-25,5
M0588,Female,46,45-54,2022-05-18,Standard,49.99,49.99,Active,Strength Training,Karachi,39.5,1,13,64.3,2025-08-09,6
M0589,Female,36,35-44,2022-03-15,Basic,29.99,29.99,Expired,Strength Training,Multan,41.6,0,4,51.5,2025-08-24,3
M0590,Other,22,18-24,2024-09-20,Standard,49.99,49.99,Active,Cardio,Karachi,11.4,1,27,48.8,2025-08-29,9
M0591,Female,28,25-34,2022-06-19,Premium,79.99,79.99,Expired,Spin,Karachi,38.4,0,11,57.5,2025-08-14,3
M0592,Female,38,35-44,2023-11-25,Standard,49.99,49.99,Cancelled,Zumba,Lahore,21.2,0,6,44.8,2025-08-08,6
M0593,Female,27,25-34,2023-07-25,Premium,79.99,79.99,Expired,Yoga,Rawalpindi,25.3,0,5,49.8,2025-07-27,3
M0594,Female,39,35-44,2022-07-12,Basic,29.99,29.99,Expired,Yoga,Faisalabad,37.7,0,6,56.8,2025-08-13,4
M0595,Female,50,45-54,2023-03-06,Basic,29.99,29.99,Active,Strength Training,Rawalpindi,29.9,1,16,54.1,2025-08-15,7
M0596,Male,43,35-44,2023-06-16,Annual,33.33,399.99,Active,Spin,Karachi,26.5,1,29,57.6,2025-08-26,8
M0597,Female,43,35-44,2024-03-15,Premium,79.99,79.99,Expired,Cardio,Islamabad,17.6,0,1,46.0,2025-03-08,1
M0598,Female,47,45-54,2023-10-22,Basic,29.99,29.99,Active,Cardio,Rawalpindi,22.3,1,12,54.2,2025-08-11,7
M0599,Male,24,18-24,2023-03-15,Annual,33.33,399.99,Active,Strength Training,Islamabad,29.6,1,47,54.6,2025-08-27,9
M0600,Male,37,35-44,2022-03-29,Annual,33.33,399.99,Active,Yoga,Lahore,41.1,1,49,54.0,2025-08-31,9
M0601,Male,56,55+,2023-08-30,Premium,79.99,79.99,Active,Cardio,Lahore,24.1,1,21,58.4,2025-07-27,9
M0602,Male,63,55+,2024-12-23,Annual,33.33,399.99,Active,HIIT,Rawalpindi,8.3,1,20,53.5,2025-08-28,7
M0603,Female,55,55+,2023-07-24,Basic,29.99,29.99,Active,CrossFit,Rawalpindi,25.3,1,18,57.9,2025-08-30,6
M0604,Male,57,55+,2024-02-22,Basic,29.99,29.99,Cancelled,Cardio,Islamabad,18.3,0,3,50.0,2025-07-01,2
M0605,Male,27,25-34,2022-04-20,Standard,49.99,49.99,Active,Yoga,Rawalpindi,40.4,1,27,56.1,2025-08-24,8
M0606,Female,43,35-44,2023-09-29,Standard,49.99,49.99,Cancelled,Zumba,Karachi,23.1,0,2,45.0,2025-08-27,2
M0607,Male,40,35-44,2022-06-15,Annual,33.33,399.99,Active,Zumba,Islamabad,38.6,1,29,59.0,2025-08-26,8
M0608,Male,27,25-34,2022-04-06,Basic,29.99,29.99,Active,Pilates,Islamabad,40.9,1,28,55.4,2025-08-24,8
M0609,Male,59,55+,2024-12-24,Standard,49.99,49.99,Active,HIIT,Lahore,8.2,1,9,52.9,2025-08-22,4
M0610,Female,29,25-34,2024-02-29,Premium,79.99,79.99,Expired,Zumba,Karachi,18.1,0,10,66.7,2025-08-07,6
M0611,Female,49,45-54,2024-04-10,Basic,29.99,29.99,Expired,Cardio,Karachi,16.7,0,14,55.3,2025-08-31,5
M0612,Male,29,25-34,2024-09-07,Standard,49.99,49.99,Expired,Strength Training,Rawalpindi,11.8,0,4,43.0,2025-08-14,2
M0613,Male,56,55+,2024-01-31,Annual,33.33,399.99,Active,Yoga,Multan,19.0,1,25,54.4,2025-08-26,6
M0614,Male,54,45-54,2023-05-03,Basic,29.99,29.99,Cancelled,Spin,Lahore,28.0,0,1,62.0,2025-08-28,1
M0615,Female,21,18-24,2022-07-07,Standard,49.99,49.99,Expired,CrossFit,Lahore,37.8,0,8,61.8,2025-08-01,4
M0616,Female,55,55+,2024-04-24,Premium,79.99,79.99,Active,Spin,Multan,16.3,1,45,53.9,2025-08-18,8
M0617,Female,55,55+,2024-01-28,Premium,79.99,79.99,Active,CrossFit,Multan,19.1,1,44,55.2,2025-08-27,9
M0618,Male,27,25-34,2022-07-04,Premium,79.99,79.99,Active,Strength Training,Rawalpindi,37.9,1,44,52.4,2025-08-29,9
M0619,Male,42,35-44,2024-04-06,Premium,79.99,79.99,Expired,Zumba,Multan,16.9,0,6,54.5,2025-08-22,3
M0620,Female,39,35-44,2023-12-26,Annual,33.33,399.99,Active,Spin,Karachi,20.2,1,27,54.3,2025-08-31,9
M0621,Male,53,45-54,2022-10-03,Standard,49.99,49.99,Active,Zumba,Faisalabad,35.0,1,11,50.9,2025-08-27,5
M0622,Male,40,35-44,2024-12-17,Basic,29.99,29.99,Cancelled,CrossFit,Islamabad,8.5,0,4,56.5,2025-08-06,3
M0623,Female,45,45-54,2023-11-30,Standard,49.99,49.99,Active,CrossFit,Karachi,21.1,1,9,53.7,2025-07-08,6
M0624,Female,56,55+,2024-01-28,Standard,49.99,49.99,Expired,HIIT,Faisalabad,19.1,0,10,65.1,2025-08-16,4
M0625,Female,38,35-44,2022-08-26,Premium,79.99,79.99,Active,CrossFit,Lahore,36.2,1,38,57.1,2025-08-27,8
M0626,Female,27,25-34,2024-07-24,Basic,29.99,29.99,Expired,Spin,Rawalpindi,13.3,0,2,64.0,2025-08-19,2
M0627,Male,64,55+,2024-07-14,Standard,49.99,49.99,Active,Strength Training,Islamabad,13.6,1,8,54.6,2025-08-17,5
M0628,Male,25,25-34,2022-05-20,Premium,79.99,79.99,Active,Pilates,Rawalpindi,39.4,1,22,55.9,2025-08-27,7
M0629,Female,28,25-34,2022-04-17,Premium,79.99,79.99,Active,Zumba,Lahore,40.5,1,44,54.8,2025-08-29,9
M0630,Female,57,55+,2023-02-20,Standard,49.99,49.99,Cancelled,Pilates,Multan,30.4,0,2,37.0,2025-06-20,2
M0631,Female,25,25-34,2024-08-03,Standard,49.99,49.99,Expired,Strength Training,Islamabad,12.9,0,0,0.0,,0
M0632,Female,19,18-24,2022-05-19,Basic,29.99,29.99,Active,Strength Training,Rawalpindi,39.5,1,21,57.3,2025-08-16,7
M0633,Female,45,45-54,2022-09-30,Premium,79.99,79.99,Active,Zumba,Faisalabad,35.1,1,16,55.4,2025-08-18,5
M0634,Female,49,45-54,2022-06-26,Basic,29.99,29.99,Cancelled,Cardio,Rawalpindi,38.2,0,2,42.5,2025-08-30,2
M0635,Male,57,55+,2022-03-24,Standard,49.99,49.99,Active,Cardio,Lahore,41.3,1,19,56.9,2025-08-27,7
M0636,Male,29,25-34,2022-07-29,Annual,33.33,399.99,Active,CrossFit,Karachi,37.1,1,32,50.7,2025-08-28,8
M0637,Male,64,55+,2024-06-18,Basic,29.99,29.99,Active,Cardio,Multan,14.5,1,11,58.6,2025-08-29,6
M0638,Male,41,35-44,2024-01-19,Standard,49.99,49.99,Active,HIIT,Lahore,19.4,1,12,51.2,2025-07-31,6
M0639,Male,20,18-24,2024-07-04,Premium,79.99,79.99,Expired,Strength Training,Karachi,13.9,0,5,47.2,2025-08-16,3
M0640,Female,58,55+,2023-04-09,Premium,79.99,79.99,Active,HIIT,Karachi,28.8,1,39,53.6,2025-08-31,9
M0641,Male,21,18-24,2022-12-17,Standard,49.99,49.99,Expired,Zumba,Lahore,32.5,0,11,51.0,2025-08-03,6
M0642,Female,37,35-44,2023-11-01,Annual,33.33,399.99,Active,Pilates,Faisalabad,22.0,1,13,56.2,2025-08-25,9
M0643,Female,32,25-34,2023-03-22,Standard,49.99,49.99,Active,Pilates,Rawalpindi,29.4,1,13,68.8,2025-08-09,3
M0644,Male,22,18-24,2024-09-01,Standard,49.99,49.99,Active,Strength Training,Rawalpindi,12.0,1,17,53.5,2025-08-07,5
M0645,Female,45,45-54,2023-04-16,Premium,79.99,79.99,Cancelled,CrossFit,Islamabad,28.5,0,6,55.0,2025-08-07,3
M0646,Female,28,25-34,2022-05-18,Standard,49.99,49.99,Active,Spin,Karachi,39.5,1,9,58.3,2025-08-10,5
M0647,Male,55,55+,2022-11-07,Standard,49.99,49.99,Active,Yoga,Islamabad,33.8,1,5,54.2,2025-06-11,4
M0648,Female,47,45-54,2024-01-22,Premium,79.99,79.99,Expired,Cardio,Rawalpindi,19.3,0,5,56.4,2025-08-23,2
M0649,Other,45,45-54,2023-12-18,Standard,49.99,49.99,Active,Yoga,Karachi,20.5,1,19,57.1,2025-08-26,8
M0650,Female,29,25-34,2023-11-05,Basic,29.99,29.99,Active,Pilates,Faisalabad,21.9,1,16,53.4,2025-08-28,7
M0651,Male,59,55+,2022-04-21,Standard,49.99,49.99,Active,Spin,Lahore,40.4,1,14,64.1,2025-08-26,6
M0652,Male,25,25-34,2022-01-22,Standard,49.99,49.99,Active,Yoga,Lahore,43.3,1,12,53.7,2025-08-22,7
M0653,Female,31,25-34,2023-08-25,Basic,29.99,29.99,Cancelled,Strength Training,Multan,24.2,0,5,58.4,2025-07-10,4
M0654,Female,44,35-44,2022-03-13,Premium,79.99,79.99,Cancelled,Zumba,Faisalabad,41.7,0,3,48.7,2025-07-05,2
M0655,Male,39,35-44,2024-10-12,Annual,33.33,399.99,Active,Zumba,Lahore,10.6,1,30,60.0,2025-08-29,9
M0656,Male,23,18-24,2022-01-26,Annual,33.33,399.99,Active,CrossFit,Karachi,43.2,1,33,57.5,2025-08-19,9
M0657,Male,31,25-34,2022-05-26,Standard,49.99,49.99,Cancelled,CrossFit,Rawalpindi,39.2,0,1,44.0,2025-04-03,1
M0658,Female,64,55+,2024-06-05,Standard,49.99,49.99,Expired,Yoga,Islamabad,14.9,0,0,0.0,,0
M0659,Female,34,25-34,2022-05-02,Premium,79.99,79.99,Cancelled,HIIT,Lahore,40.0,0,0,0.0,,0
M0660,Male,31,25-34,2022-12-21,Standard,49.99,49.99,Active,Zumba,Multan,32.4,1,22,57.9,2025-08-25,7
M0661,Male,21,18-24,2024-03-18,Basic,29.99,29.99,Cancelled,Cardio,Faisalabad,17.5,0,2,66.5,2025-04-03,2
M0662,Male,60,55+,2024-02-10,Basic,29.99,29.99,Active,Zumba,Faisalabad,18.7,1,21,54.2,2025-08-13,7
M0663,Female,56,55+,2024-08-19,Annual,33.33,399.99,Cancelled,Yoga,Islamabad,12.4,0,1,54.0,2025-06-24,1
M0664,Female,22,18-24,2024-03-08,Premium,79.99,79.99,Active,Zumba,Rawalpindi,17.8,1,33,60.0,2025-08-25,9
M0665,Female,47,45-54,2022-06-20,Annual,33.33,399.99,Active,HIIT,Faisalabad,38.4,1,35,59.7,2025-08-18,9
M0666,Male,23,18-24,2023-05-09,Basic,29.99,29.99,Expired,HIIT,Karachi,27.8,0,11,58.9,2025-08-16,5
M0667,Male,23,18-24,2023-08-31,Basic,29.99,29.99,Cancelled,Strength Training,Islamabad,24.0,0,1,61.0,2025-03-17,1
M0668,Male,21,18-24,2024-03-21,Annual,33.33,399.99,Cancelled,Strength Training,Faisalabad,17.4,0,7,58.3,2025-07-04,4
M0669,Male,39,35-44,2023-02-20,Premium,79.99,79.99,Cancelled,Pilates,Islamabad,30.4,0,2,55.5,2025-05-20,2
M0670,Female,29,25-34,2024-08-30,Annual,33.33,399.99,Active,Yoga,Karachi,12.1,1,13,55.3,2025-08-19,4
M0671,Female,27,25-34,2022-04-23,Standard,49.99,49.99,Active,Zumba,Faisalabad,40.3,1,29,52.1,2025-08-29,8
M0672,Male,42,35-44,2024-12-06,Standard,49.99,49.99,Cancelled,Spin,Lahore,8.8,0,2,62.5,2025-06-23,2
M0673,Male,47,45-54,2023-12-19,Premium,79.99,79.99,Expired,Yoga,Lahore,20.4,0,14,52.5,2025-08-14,6
M0674,Male,28,25-34,2022-04-26,Standard,49.99,49.99,Active,Spin,Multan,40.2,1,6,46.0,2025-07-11,5
M0675,Female,19,18-24,2023-11-16,Standard,49.99,49.99,Active,HIIT,Karachi,21.5,1,20,58.2,2025-08-29,7
M0676,Female,35,35-44,2022-02-23,Basic,29.99,29.99,Active,Strength Training,Karachi,42.2,1,14,55.9,2025-08-29,5
M0677,Male,64,55+,2023-10-18,Basic,29.99,29.99,Expired,HIIT,Rawalpindi,22.5,0,13,54.4,2025-07-31,4
M0678,Female,44,35-44,2024-09-25,Basic,29.99,29.99,Active,Zumba,Multan,11.2,1,14,52.1,2025-08-27,6
M0679,Female,60,55+,2023-07-29,Basic,29.99,29.99,Active,Spin,Lahore,25.1,1,12,46.8,2025-08-27,6
M0680,Male,43,35-44,2023-01-11,Basic,29.99,29.99,Active,Cardio,Multan,31.7,1,12,54.8,2025-08-31,6
M0681,Female,31,25-34,2022-03-17,Basic,29.99,29.99,Active,Spin,Rawalpindi,41.5,1,15,49.9,2025-08-25,7
M0682,Female,63,55+,2024-03-07,Standard,49.99,49.99,Active,Spin,Karachi,17.8,1,20,45.7,2025-08-27,7
M0683,Male,46,45-54,2024-11-10,Premium,79.99,79.99,Expired,Pilates,Rawalpindi,9.7,0,0,0.0,,0
M0684,Female,53,45-54,2024-07-06,Basic,29.99,29.99,Active,Strength Training,Karachi,13.9,1,7,37.3,2025-07-23,5
M0685,Female,53,45-54,2023-10-15,Basic,29.99,29.99,Cancelled,Cardio,Rawalpindi,22.6,0,6,59.2,2025-08-20,5
M0686,Female,23,18-24,2024-04-20,Basic,29.99,29.99,Active,Zumba,Lahore,16.4,1,25,53.7,2025-08-21,7
M0687,Male,35,35-44,2022-05-28,Premium,79.99,79.99,Cancelled,Zumba,Multan,39.2,0,4,45.0,2025-07-09,3
M0688,Male,51,45-54,2022-10-05,Premium,79.99,79.99,Active,Yoga,Karachi,34.9,1,18,49.8,2025-08-27,5
M0689,Female,48,45-54,2022-05-15,Basic,29.99,29.99,Active,Yoga,Faisalabad,39.6,1,28,54.1,2025-08-25,9
M0690,Male,19,18-24,2023-02-19,Basic,29.99,29.99,Active,HIIT,Karachi,30.4,1,8,56.8,2025-08-12,6
M0691,Female,33,25-34,2022-07-13,Standard,49.99,49.99,Expired,Zumba,Faisalabad,37.6,0,6,54.3,2025-07-10,4
M0692,Female,38,35-44,2024-07-15,Premium,79.99,79.99,Cancelled,HIIT,Karachi,13.6,0,3,53.0,2025-06-19,2
M0693,Male,45,45-54,2024-06-26,Basic,29.99,29.99,Cancelled,Zumba,Rawalpindi,14.2,0,7,54.7,2025-08-28,4
M0694,Male,21,18-24,2023-09-10,Premium,79.99,79.99,Expired,HIIT,Islamabad,23.7,0,14,60.2,2025-08-15,7
M0695,Male,29,25-34,2024-03-28,Premium,79.99,79.99,Cancelled,Strength Training,Lahore,17.1,0,7,63.1,2025-06-29,3
M0696,Male,47,45-54,2022-07-01,Standard,49.99,49.99,Expired,Cardio,Lahore,38.0,0,8,73.6,2025-08-22,6
M0697,Female,30,25-34,2024-02-17,Premium,79.99,79.99,Active,Pilates,Karachi,18.5,1,17,52.5,2025-08-30,7
M0698,Male,39,35-44,2022-10-30,Basic,29.99,29.99,Active,HIIT,Islamabad,34.1,1,22,59.5,2025-08-12,8
M0699,Male,19,18-24,2022-12-02,Standard,49.99,49.99,Active,Yoga,Rawalpindi,33.0,1,20,56.4,2025-08-19,6
M0700,Male,37,35-44,2022-07-20,Standard,49.99,49.99,Cancelled,HIIT,Lahore,37.4,0,4,63.2,2025-07-31,3
M0701,Male,19,18-24,2024-07-11,Standard,49.99,49.99,Cancelled,Cardio,Faisalabad,13.7,0,5,51.6,2025-08-13,4
M0702,Male,63,55+,2022-05-05,Basic,29.99,29.99,Active,HIIT,Multan,39.9,1,17,50.9,2025-08-14,6
M0703,Female,23,18-24,2023-11-05,Annual,33.33,399.99,Active,Cardio,Multan,21.9,1,34,57.4,2025-08-29,9
M0704,Male,42,35-44,2022-07-25,Premium,79.99,79.99,Cancelled,Spin,Rawalpindi,37.3,0,0,0.0,,0
M0705,Female,49,45-54,2022-05-28,Annual,33.33,399.99,Active,CrossFit,Islamabad,39.2,1,21,47.8,2025-08-31,8
M0706,Male,31,25-34,2024-08-22,Premium,79.99,79.99,Expired,Pilates,Multan,12.3,0,12,50.3,2025-08-26,6
M0707,Male,31,25-34,2023-01-31,Standard,49.99,49.99,Expired,Pilates,Rawalpindi,31.0,0,5,53.0,2025-08-20,4
M0708,Male,22,18-24,2023-11-12,Standard,49.99,49.99,Active,Cardio,Islamabad,21.6,1,22,58.9,2025-08-27,6
M0709,Male,48,45-54,2022-07-25,Basic,29.99,29.99,Active,Cardio,Islamabad,37.3,1,6,45.5,2025-08-31,4
M0710,Female,37,35-44,2022-07-09,Standard,49.99,49.99,Cancelled,Yoga,Faisalabad,37.8,0,3,54.0,2025-08-18,2
M0711,Female,19,18-24,2022-11-22,Premium,79.99,79.99,Active,Cardio,Islamabad,33.3,1,41,54.6,2025-08-30,8
M0712,Male,40,35-44,2022-03-13,Basic,29.99,29.99,Active,Zumba,Multan,41.7,1,27,50.7,2025-08-23,9
M0713,Male,63,55+,2022-02-23,Annual,33.33,399.99,Cancelled,Zumba,Karachi,42.2,0,7,60.6,2025-07-01,4
M0714,Female,23,18-24,2022-05-09,Standard,49.99,49.99,Expired,CrossFit,Islamabad,39.8,0,3,44.3,2025-08-13,2
M0715,Female,61,55+,2022-05-11,Premium,79.99,79.99,Expired,Spin,Rawalpindi,39.7,0,0,0.0,,0
M0716,Female,36,35-44,2025-01-01,Premium,79.99,79.99,Active,Spin,Islamabad,8.0,1,37,56.6,2025-08-29,9
M0717,Male,45,45-54,2023-10-15,Premium,79.99,79.99,Expired,Spin,Faisalabad,22.6,0,2,40.5,2025-08-02,2
M0718,Female,59,55+,2024-12-02,Basic,29.99,29.99,Active,Strength Training,Karachi,9.0,1,7,50.7,2025-08-08,4
M0719,Female,36,35-44,2022-10-26,Basic,29.99,29.99,Expired,Strength Training,Rawalpindi,34.2,0,2,55.0,2025-08-27,2
M0720,Female,44,35-44,2023-03-15,Basic,29.99,29.99,Expired,HIIT,Islamabad,29.6,0,14,57.0,2025-08-31,6
M0721,Male,59,55+,2024-06-20,Basic,29.99,29.99,Active,Strength Training,Islamabad,14.4,1,13,56.6,2025-08-27,6
M0722,Female,28,25-34,2022-02-21,Premium,79.99,79.99,Active,Cardio,Lahore,42.3,1,39,58.4,2025-08-31,8
M0723,Female,63,55+,2023-10-14,Standard,49.99,49.99,Cancelled,CrossFit,Lahore,22.6,0,7,55.3,2025-08-07,4
M0724,Male,21,18-24,2023-08-24,Premium,79.99,79.99,Active,Yoga,Multan,24.3,1,48,56.1,2025-08-23,9
M0725,Male,62,55+,2023-06-07,Standard,49.99,49.99,Expired,Cardio,Islamabad,26.8,0,13,51.6,2025-07-25,5
M0726,Male,46,45-54,2023-01-02,Standard,49.99,49.99,Cancelled,Cardio,Multan,32.0,0,1,53.0,2025-08-01,1
M0727,Male,20,18-24,2022-11-30,Basic,29.99,29.99,Active,Pilates,Rawalpindi,33.0,1,13,58.6,2025-08-21,6
M0728,Male,55,55+,2023-11-16,Basic,29.99,29.99,Cancelled,Zumba,Faisalabad,21.5,0,7,50.3,2025-08-19,5
M0729,Male,40,35-44,2023-07-30,Standard,49.99,49.99,Active,Zumba,Multan,25.1,1,16,55.4,2025-08-23,7
M0730,Female,24,18-24,2024-10-05,Basic,29.99,29.99,Active,HIIT,Multan,10.9,1,26,61.5,2025-08-31,9
M0731,Male,51,45-54,2024-03-30,Basic,29.99,29.99,Active,Cardio,Islamabad,17.1,1,24,56.8,2025-08-31,6
M0732,Male,47,45-54,2023-05-17,Basic,29.99,29.99,Expired,Spin,Islamabad,27.5,0,6,54.5,2025-08-03,3
M0733,Female,60,55+,2024-07-08,Premium,79.99,79.99,Active,Pilates,Lahore,13.8,1,43,55.0,2025-08-30,8
M0734,Female,48,45-54,2023-05-23,Annual,33.33,399.99,Active,Yoga,Multan,27.3,1,31,57.3,2025-08-20,6
M0735,Male,39,35-44,2024-11-28,Standard,49.99,49.99,Active,Cardio,Rawalpindi,9.1,1,9,50.7,2025-08-31,5
M0736,Female,24,18-24,2022-08-10,Standard,49.99,49.99,Active,Zumba,Karachi,36.7,1,9,51.0,2025-08-14,6
M0737,Male,61,55+,2023-08-22,Standard,49.99,49.99,Active,Pilates,Islamabad,24.3,1,26,57.0,2025-08-29,9
M0738,Male,59,55+,2023-08-30,Annual,33.33,399.99,Active,Spin,Rawalpindi,24.1,1,23,50.3,2025-08-31,6
M0739,Male,38,35-44,2024-05-11,Basic,29.99,29.99,Cancelled,Spin,Lahore,15.7,0,5,49.6,2025-08-15,4
M0740,Male,56,55+,2024-01-17,Basic,29.99,29.99,Active,Pilates,Karachi,19.5,1,8,48.5,2025-07-28,5
M0741,Male,55,55+,2022-09-16,Basic,29.99,29.99,Active,Yoga,Rawalpindi,35.5,1,10,52.2,2025-08-11,8
M0742,Male,21,18-24,2023-01-13,Standard,49.99,49.99,Active,Spin,Multan,31.6,1,23,48.6,2025-08-31,8
M0743,Male,38,35-44,2023-01-18,Standard,49.99,49.99,Expired,CrossFit,Multan,31.4,0,0,0.0,,0
M0744,Male,26,25-34,2022-08-12,Basic,29.99,29.99,Expired,Pilates,Faisalabad,36.7,0,5,61.2,2025-08-31,4
M0745,Female,27,25-34,2023-12-28,Premium,79.99,79.99,Active,HIIT,Faisalabad,20.1,1,34,50.8,2025-08-27,9
M0746,Male,45,45-54,2022-05-03,Basic,29.99,29.99,Active,Strength Training,Multan,40.0,1,26,58.1,2025-08-28,7
M0747,Male,20,18-24,2023-09-15,Annual,33.33,399.99,Cancelled,Zumba,Karachi,23.6,0,2,44.0,2025-04-20,2
M0748,Male,20,18-24,2022-12-06,Standard,49.99,49.99,Active,Zumba,Faisalabad,32.9,1,14,48.3,2025-06-15,6
M0749,Male,24,18-24,2022-01-09,Standard,49.99,49.99,Cancelled,Pilates,Karachi,43.7,0,2,74.5,2025-06-22,1
M0750,Female,60,55+,2022-04-23,Standard,49.99,49.99,Active,CrossFit,Lahore,40.3,1,7,49.6,2025-08-19,5
M0751,Female,43,35-44,2022-11-02,Basic,29.99,29.99,Active,Pilates,Lahore,34.0,1,14,50.1,2025-08-25,6
M0752,Female,64,55+,2023-02-24,Standard,49.99,49.99,Cancelled,Yoga,Karachi,30.2,0,4,59.2,2025-07-31,2
M0753,Female,45,45-54,2023-10-20,Premium,79.99,79.99,Active,Strength Training,Lahore,22.4,1,48,56.0,2025-08-28,9
M0754,Male,21,18-24,2022-08-20,Premium,79.99,79.99,Expired,HIIT,Islamabad,36.4,0,4,52.5,2025-08-28,4
M0755,Male,56,55+,2024-07-10,Standard,49.99,49.99,Expired,Spin,Faisalabad,13.7,0,9,60.1,2025-08-26,3
M0756,Female,19,18-24,2022-05-28,Basic,29.99,29.99,Expired,Spin,Karachi,39.2,0,3,64.0,2025-08-29,2
M0757,Male,64,55+,2022-06-24,Annual,33.33,399.99,Active,Strength Training,Islamabad,38.3,1,26,53.0,2025-08-24,7
M0758,Female,31,25-34,2022-02-04,Standard,49.99,49.99,Expired,Cardio,Lahore,42.9,0,9,56.7,2025-08-19,3
M0759,Male,40,35-44,2023-12-06,Standard,49.99,49.99,Cancelled,Strength Training,Karachi,20.9,0,7,50.0,2025-08-18,4
M0760,Female,50,45-54,2022-03-17,Premium,79.99,79.99,Active,Strength Training,Rawalpindi,41.5,1,31,61.5,2025-08-24,8
M0761,Male,52,45-54,2022-09-10,Basic,29.99,29.99,Cancelled,Strength Training,Multan,35.7,0,1,63.0,2025-05-19,1
M0762,Male,52,45-54,2024-10-16,Annual,33.33,399.99,Active,Pilates,Rawalpindi,10.5,1,34,55.4,2025-08-19,8
M0763,Male,42,35-44,2022-08-02,Annual,33.33,399.99,Cancelled,Pilates,Islamabad,37.0,0,0,0.0,,0
M0764,Male,49,45-54,2022-03-05,Premium,79.99,79.99,Expired,Strength Training,Karachi,41.9,0,2,45.5,2025-08-27,2
M0765,Male,61,55+,2022-11-09,Basic,29.99,29.99,Active,Strength Training,Islamabad,33.7,1,23,53.3,2025-08-31,8
M0766,Male,44,35-44,2023-11-13,Standard,49.99,49.99,Active,Yoga,Faisalabad,21.6,1,24,58.2,2025-08-22,8
M0767,Female,57,55+,2022-04-19,Standard,49.99,49.99,Active,Spin,Lahore,40.4,1,23,59.0,2025-08-29,7
M0768,Female,45,45-54,2022-12-09,Standard,49.99,49.99,Cancelled,Yoga,Karachi,32.8,0,7,53.0,2025-07-07,6
M0769,Male,55,55+,2022-02-27,Basic,29.99,29.99,Active,Strength Training,Multan,42.1,1,21,55.6,2025-08-09,8
M0770,Male,52,45-54,2024-04-13,Annual,33.33,399.99,Active,Strength Training,Karachi,16.6,1,19,62.8,2025-08-30,6
M0771,Male,18,18-24,2024-06-11,Basic,29.99,29.99,Active,Spin,Lahore,14.7,1,23,55.2,2025-08-31,7
M0772,Female,33,25-34,2023-05-23,Basic,29.99,29.99,Expired,Strength Training,Islamabad,27.3,0,0,0.0,,0
M0773,Male,18,18-24,2024-11-14,Premium,79.99,79.99,Cancelled,Yoga,Karachi,9.6,0,1,40.0,2025-06-17,1
M0774,Female,62,55+,2024-05-21,Basic,29.99,29.99,Active,HIIT,Multan,15.4,1,15,60.7,2025-08-31,6
M0775,Female,59,55+,2024-05-22,Basic,29.99,29.99,Active,Yoga,Rawalpindi,15.3,1,28,53.5,2025-08-31,7
M0776,Female,26,25-34,2022-10-01,Basic,29.99,29.99,Active,Cardio,Lahore,35.0,1,28,56.7,2025-08-31,8
M0777,Male,33,25-34,2023-09-13,Premium,79.99,79.99,Cancelled,Yoga,Rawalpindi,23.6,0,1,80.0,2025-06-17,1
M0778,Female,35,35-44,2024-12-28,Standard,49.99,49.99,Expired,Spin,Faisalabad,8.1,0,6,52.5,2025-08-30,3
M0779,Male,48,45-54,2024-02-11,Annual,33.33,399.99,Active,Strength Training,Multan,18.7,1,29,59.5,2025-08-31,9
M0780,Female,52,45-54,2024-02-07,Annual,33.33,399.99,Active,HIIT,Faisalabad,18.8,1,31,58.2,2025-08-30,8
M0781,Female,26,25-34,2023-01-11,Standard,49.99,49.99,Active,HIIT,Multan,31.7,1,25,57.9,2025-08-28,8
M0782,Male,56,55+,2023-07-26,Basic,29.99,29.99,Cancelled,Spin,Multan,25.2,0,0,0.0,,0
M0783,Female,48,45-54,2022-06-28,Annual,33.33,399.99,Active,Cardio,Lahore,38.1,1,40,57.6,2025-08-30,9
M0784,Female,56,55+,2023-05-08,Premium,79.99,79.99,Expired,Zumba,Multan,27.8,0,5,56.4,2025-07-06,5
M0785,Female,37,35-44,2023-11-29,Basic,29.99,29.99,Active,Strength Training,Multan,21.1,1,23,55.3,2025-08-25,7
M0786,Female,33,25-34,2024-08-13,Basic,29.99,29.99,Active,Yoga,Rawalpindi,12.6,1,20,55.4,2025-08-28,6
M0787,Male,31,25-34,2024-11-04,Premium,79.99,79.99,Cancelled,Pilates,Rawalpindi,9.9,0,7,54.0,2025-08-28,4
M0788,Female,57,55+,2023-04-12,Premium,79.99,79.99,Cancelled,HIIT,Rawalpindi,28.7,0,5,57.0,2025-07-15,4
M0789,Female,30,25-34,2023-08-18,Annual,33.33,399.99,Active,HIIT,Karachi,24.5,1,41,49.9,2025-08-27,8
M0790,Female,40,35-44,2023-07-02,Basic,29.99,29.99,Expired,Pilates,Lahore,26.0,0,7,56.3,2025-08-30,5
M0791,Male,51,45-54,2023-11-17,Standard,49.99,49.99,Active,Strength Training,Multan,21.5,1,20,48.6,2025-08-28,7
M0792,Female,56,55+,2022-03-19,Standard,49.99,49.99,Active,CrossFit,Islamabad,41.5,1,25,58.5,2025-08-31,8
M0793,Female,46,45-54,2024-12-18,Premium,79.99,79.99,Cancelled,CrossFit,Multan,8.4,0,7,43.1,2025-08-03,5
M0794,Male,62,55+,2023-12-09,Standard,49.99,49.99,Expired,Strength Training,Lahore,20.8,0,10,57.9,2025-08-28,6
M0795,Female,58,55+,2023-04-09,Premium,79.99,79.99,Active,HIIT,Faisalabad,28.8,1,47,55.6,2025-08-29,9
M0796,Male,34,25-34,2023-11-21,Standard,49.99,49.99,Expired,Spin,Islamabad,21.4,0,6,63.2,2025-08-07,4
M0797,Female,31,25-34,2023-01-07,Annual,33.33,399.99,Active,Spin,Faisalabad,31.8,1,31,53.2,2025-08-31,9
M0798,Female,40,35-44,2023-02-19,Basic,29.99,29.99,Active,Pilates,Multan,30.4,1,9,46.8,2025-08-19,5
M0799,Female,25,25-34,2024-11-16,Premium,79.99,79.99,Expired,Pilates,Faisalabad,9.5,0,6,46.2,2025-08-14,3
M0800,Female,47,45-54,2024-09-10,Annual,33.33,399.99,Active,Spin,Lahore,11.7,1,34,55.9,2025-08-28,9
