MemberID,Gender,Age,AgeGroup,JoinDate,MembershipPlan,MonthlyFee,PlanPrice,Status,PreferredClass,City
M0001,Male,38,35-44,2024-05-10,Basic,29.99,29.99,Expired,Strength Training,Islamabad
M0002,Male,20,18-24,2022-03-29,Standard,49.99,49.99,Active,HIIT,Rawalpindi
M0003,Male,50,45-54,2024-03-16,Basic,29.99,29.99,Cancelled,Pilates,Faisalabad
M0004,Male,59,55+,2024-01-18,Basic,29.99,29.99,Active,Cardio,Multan
M0005,Female,20,18-24,2024-08-15,Premium,79.99,79.99,Active,Zumba,Faisalabad
M0006,Female,31,25-34,2024-04-20,Basic,29.99,29.99,Cancelled,Yoga,Karachi
M0007,Female,24,18-24,2023-07-19,Basic,29.99,29.99,Active,CrossFit,Islamabad
M0008,Male,21,18-24,2022-07-25,Standard,49.99,49.99,Active,Pilates,Multan
M0009,Female,27,25-34,2023-12-04,Premium,79.99,79.99,Active,Pilates,Multan
M0010,Male,62,55+,2024-10-13,Annual,33.33,399.99,Expired,Spin,Karachi
M0011,Male,58,55+,2022-08-05,Basic,29.99,29.99,Active,Spin,Lahore
M0012,Male,41,35-44,2023-06-05,Premium,79.99,79.99,Active,Strength Training,Lahore
M0013,Female,22,18-24,2023-01-27,Premium,79.99,79.99,Expired,HIIT,Lahore
M0014,Male,51,45-54,2024-11-17,Annual,33.33,399.99,Active,Zumba,Multan
M0015,Female,44,35-44,2024-03-15,Premium,79.99,79.99,Expired,Strength Training,Faisalabad
M0016,Male,31,25-34,2023-10-05,Premium,79.99,79.99,Expired,Yoga,Karachi
M0017,Male,56,55+,2024-06-10,Basic,29.99,29.99,Active,Spin,Rawalpindi
M0018,Male,60,55+,2023-04-30,Basic,29.99,29.99,Active,Spin,Islamabad
M0019,Male,23,18-24,2023-08-01,Standard,49.99,49.99,Active,Cardio,Rawalpindi
M0020,Female,30,25-34,2022-07-09,Basic,29.99,29.99,Active,Zumba,Multan
M0021,Male,59,55+,2023-10-11,Standard,49.99,49.99,Expired,Zumba,Islamabad
M0022,Female,19,18-24,2023-03-18,Annual,33.33,399.99,Active,Spin,Lahore
M0023,Male,19,18-24,2024-08-09,Basic,29.99,29.99,Expired,Zumba,Faisalabad
M0024,Male,61,55+,2023-01-20,Basic,29.99,29.99,Active,Pilates,Rawalpindi
M0025,Male,55,55+,2022-07-22,Standard,49.99,49.99,Active,Cardio,Karachi
M0026,Female,33,25-34,2022-07-17,Standard,49.99,49.99,Cancelled,Cardio,Islamabad
M0027,Male,53,45-54,2023-04-09,Basic,29.99,29.99,Expired,Strength Training,Islamabad
M0028,Male,57,55+,2024-05-13,Basic,29.99,29.99,Cancelled,HIIT,Lahore
M0029,Male,59,55+,2023-04-18,Basic,29.99,29.99,Active,Cardio,Karachi
M0030,Other,19,18-24,2023-09-16,Standard,49.99,49.99,Active,Pilates,Rawalpindi
M0031,Male,26,25-34,2023-03-29,Annual,33.33,399.99,Active,Strength Training,Islamabad
M0032,Female,41,35-44,2023-02-08,Annual,33.33,399.99,Expired,Yoga,Rawalpindi
M0033,Female,42,35-44,2022-04-14,Standard,49.99,49.99,Active,Spin,Karachi
M0034,Other,33,25-34,2024-05-27,Standard,49.99,49.99,Expired,Cardio,Lahore
M0035,Female,25,25-34,2024-03-11,Standard,49.99,49.99,Active,Yoga,Lahore
M0036,Male,39,35-44,2023-11-19,Basic,29.99,29.99,Active,Pilates,Multan
M0037,Male,51,45-54,2023-07-17,Annual,33.33,399.99,Active,Yoga,Rawalpindi
M0038,Female,36,35-44,2024-05-28,Standard,49.99,49.99,Active,CrossFit,Lahore
M0039,Female,63,55+,2022-01-17,Annual,33.33,399.99,Active,Strength Training,Rawalpindi
M0040,Female,48,45-54,2024-11-26,Annual,33.33,399.99,Active,Yoga,Rawalpindi
M0041,Male,50,45-54,2022-07-10,Standard,49.99,49.99,Active,CrossFit,Karachi
M0042,Male,41,35-44,2023-07-20,Premium,79.99,79.99,Expired,Zumba,Multan
M0043,Female,43,35-44,2024-08-19,Basic,29.99,29.99,Active,Yoga,Lahore
M0044,Female,43,35-44,2022-09-03,Standard,49.99,49.99,Active,Yoga,Faisalabad
M0045,Male,62,55+,2024-04-07,Standard,49.99,49.99,Active,CrossFit,Multan
M0046,Male,32,25-34,2023-02-04,Basic,29.99,29.99,Cancelled,HIIT,Multan
M0047,Female,39,35-44,2022-02-20,Standard,49.99,49.99,Active,Pilates,Lahore
M0048,Female,54,45-54,2023-11-13,Premium,79.99,79.99,Active,Spin,Rawalpindi
M0049,Male,23,18-24,2024-09-30,Annual,33.33,399.99,Active,Cardio,Multan
M0050,Female,33,25-34,2022-02-16,Premium,79.99,79.99,Active,Cardio,Karachi
M0051,Male,43,35-44,2023-10-19,Standard,49.99,49.99,Active,Spin,Multan
M0052,Male,18,18-24,2024-03-01,Standard,49.99,49.99,Expired,Yoga,Karachi
M0053,Female,18,18-24,2023-07-14,Basic,29.99,29.99,Cancelled,Zumba,Faisalabad
M0054,Male,43,35-44,2024-02-29,Premium,79.99,79.99,Active,Spin,Multan
M0055,Male,64,55+,2023-11-28,Standard,49.99,49.99,Active,Pilates,Multan
M0056,Male,43,35-44,2024-10-08,Basic,29.99,29.99,Active,Zumba,Rawalpindi
M0057,Female,22,18-24,2022-12-23,Standard,49.99,49.99,Expired,Cardio,Karachi
M0058,Female,22,18-24,2024-02-01,Annual,33.33,399.99,Active,CrossFit,Karachi
M0059,Female,37,35-44,2023-05-12,Annual,33.33,399.99,Active,HIIT,Islamabad
M0060,Female,60,55+,2023-01-15,Basic,29.99,29.99,Cancelled,Strength Training,Lahore
M0061,Male,48,45-54,2024-12-02,Basic,29.99,29.99,Active,Spin,Islamabad
M0062,Male,25,25-34,2024-01-24,Premium,79.99,79.99,Active,HIIT,Karachi
M0063,Female,21,18-24,2024-10-18,Premium,79.99,79.99,Active,HIIT,Faisalabad
M0064,Female,38,35-44,2025-01-03,Annual,33.33,399.99,Active,Cardio,Karachi
M0065,Male,52,45-54,2023-04-02,Standard,49.99,49.99,Expired,HIIT,Lahore
M0066,Male,54,45-54,2022-04-06,Standard,49.99,49.99,Cancelled,Zumba,Faisalabad
M0067,Female,34,25-34,2022-10-06,Premium,79.99,79.99,Active,Cardio,Lahore
M0068,Female,29,25-34,2023-02-01,Annual,33.33,399.99,Active,Strength Training,Rawalpindi
M0069,Male,36,35-44,2022-09-22,Standard,49.99,49.99,Cancelled,CrossFit,Faisalabad
M0070,Female,38,35-44,2024-12-28,Basic,29.99,29.99,Active,Zumba,Lahore
M0071,Other,56,55+,2024-11-28,Basic,29.99,29.99,Active,HIIT,Faisalabad
M0072,Female,29,25-34,2024-01-03,Standard,49.99,49.99,Active,HIIT,Rawalpindi
M0073,Male,30,25-34,2024-07-01,Basic,29.99,29.99,Active,Yoga,Karachi
M0074,Male,54,45-54,2024-03-05,Premium,79.99,79.99,Active,CrossFit,Faisalabad
M0075,Female,62,55+,2023-05-15,Basic,29.99,29.99,Cancelled,Pilates,Rawalpindi
M0076,Female,27,25-34,2023-03-21,Standard,49.99,49.99,Expired,Zumba,Multan
M0077,Male,37,35-44,2022-06-22,Basic,29.99,29.99,Active,Spin,Lahore
M0078,Female,42,35-44,2024-10-21,Premium,79.99,79.99,Active,Pilates,Faisalabad
M0079,Male,62,55+,2022-05-14,Premium,79.99,79.99,Cancelled,Spin,Multan
M0080,Female,36,35-44,2022-07-22,Annual,33.33,399.99,Active,HIIT,Lahore
M0081,Female,27,25-34,2023-10-18,Premium,79.99,79.99,Cancelled,CrossFit,Multan
M0082,Female,45,45-54,2024-08-29,Basic,29.99,29.99,Active,CrossFit,Karachi
M0083,Female,44,35-44,2023-06-24,Basic,29.99,29.99,Cancelled,Yoga,Lahore
M0084,Male,46,45-54,2024-07-17,Standard,49.99,49.99,Expired,Strength Training,Faisalabad
M0085,Female,64,55+,2023-01-25,Annual,33.33,399.99,Active,HIIT,Multan
M0086,Male,18,18-24,2024-05-26,Basic,29.99,29.99,Active,Zumba,Lahore
M0087,Female,44,35-44,2024-05-02,Premium,79.99,79.99,Active,Yoga,Karachi
M0088,Female,23,18-24,2022-04-15,Standard,49.99,49.99,Active,Spin,Faisalabad
M0089,Female,54,45-54,2024-02-10,Standard,49.99,49.99,Expired,Strength Training,Lahore
M0090,Male,30,25-34,2023-04-02,Basic,29.99,29.99,Cancelled,Yoga,Lahore
M0091,Male,25,25-34,2023-05-03,Standard,49.99,49.99,Active,HIIT,Karachi
M0092,Female,29,25-34,2023-03-14,Premium,79.99,79.99,Active,Cardio,Faisalabad
M0093,Male,64,55+,2024-09-16,Annual,33.33,399.99,Active,Spin,Faisalabad
M0094,Male,51,45-54,2023-08-01,Premium,79.99,79.99,Cancelled,HIIT,Karachi
M0095,Male,51,45-54,2024-03-08,Standard,49.99,49.99,Active,Pilates,Lahore
M0096,Female,59,55+,2024-09-10,Annual,33.33,399.99,Active,Spin,Faisalabad
M0097,Male,34,25-34,2024-06-18,Standard,49.99,49.99,Cancelled,CrossFit,Faisalabad
M0098,Female,60,55+,2023-06-30,Standard,49.99,49.99,Active,Strength Training,Islamabad
M0099,Male,48,45-54,2022-04-21,Basic,29.99,29.99,Active,CrossFit,Rawalpindi
M0100,Male,49,45-54,2022-12-26,Premium,79.99,79.99,Active,Spin,Karachi
M0101,Male,22,18-24,2022-03-02,Basic,29.99,29.99,Active,HIIT,Faisalabad
M0102,Male,58,55+,2023-06-18,Basic,29.99,29.99,Active,Pilates,Karachi
M0103,Male,39,35-44,2025-01-01,Basic,29.99,29.99,Active,Pilates,Islamabad
M0104,Female,53,45-54,2024-04-10,Standard,49.99,49.99,Active,Yoga,Islamabad
M0105,Female,31,25-34,2023-12-20,Standard,49.99,49.99,Cancelled,Zumba,Multan
M0106,Female,24,18-24,2022-12-31,Basic,29.99,29.99,Active,Zumba,Multan
M0107,Female,55,55+,2022-12-29,Standard,49.99,49.99,Active,Zumba,Lahore
M0108,Male,34,25-34,2023-04-30,Basic,29.99,29.99,Expired,HIIT,Multan
M0109,Female,42,35-44,2024-03-22,Basic,29.99,29.99,Active,Strength Training,Lahore
M0110,Female,39,35-44,2022-04-19,Standard,49.99,49.99,Expired,CrossFit,Lahore
M0111,Female,23,18-24,2024-01-18,Basic,29.99,29.99,Active,CrossFit,Karachi
M0112,Male,50,45-54,2022-11-11,Annual,33.33,399.99,Active,Spin,Multan
M0113,Male,47,45-54,2023-09-16,Basic,29.99,29.99,Active,Zumba,Lahore
M0114,Other,54,45-54,2024-01-29,Basic,29.99,29.99,Active,Zumba,Multan
M0115,Female,23,18-24,2023-04-13,Annual,33.33,399.99,Expired,Pilates,Multan
M0116,Female,28,25-34,2024-08-04,Premium,79.99,79.99,Expired,Strength Training,Faisalabad
M0117,Male,37,35-44,2022-11-22,Annual,33.33,399.99,Active,Yoga,Rawalpindi
M0118,Female,55,55+,2023-07-13,Premium,79.99,79.99,Expired,Strength Training,Rawalpindi
M0119,Female,27,25-34,2024-04-24,Standard,49.99,49.99,Active,HIIT,Rawalpindi
M0120,Male,18,18-24,2024-06-16,Standard,49.99,49.99,Cancelled,Yoga,Lahore
M0121,Male,52,45-54,2024-02-16,Standard,49.99,49.99,Active,Yoga,Faisalabad
M0122,Female,28,25-34,2022-11-14,Premium,79.99,79.99,Active,Cardio,Islamabad
M0123,Male,46,45-54,2023-05-28,Premium,79.99,79.99,Expired,Yoga,Faisalabad
M0124,Female,54,45-54,2022-09-27,Premium,79.99,79.99,Cancelled,Strength Training,Multan
M0125,Female,42,35-44,2023-07-28,Standard,49.99,49.99,Cancelled,CrossFit,Multan
M0126,Male,40,35-44,2024-03-10,Standard,49.99,49.99,Active,Yoga,Lahore
M0127,Male,31,25-34,2022-05-25,Annual,33.33,399.99,Active,CrossFit,Islamabad
M0128,Female,24,18-24,2024-11-28,Basic,29.99,29.99,Cancelled,HIIT,Rawalpindi
M0129,Female,47,45-54,2024-11-04,Annual,33.33,399.99,Active,Cardio,Faisalabad
M0130,Female,44,35-44,2023-07-04,Premium,79.99,79.99,Expired,Pilates,Rawalpindi
M0131,Male,27,25-34,2023-08-21,Premium,79.99,79.99,Active,Pilates,Faisalabad
M0132,Female,32,25-34,2024-03-25,Premium,79.99,79.99,Active,Spin,Faisalabad
M0133,Female,44,35-44,2022-02-16,Standard,49.99,49.99,Expired,Strength Training,Rawalpindi
M0134,Female,28,25-34,2024-03-04,Basic,29.99,29.99,Active,CrossFit,Multan
M0135,Male,60,55+,2023-12-13,Standard,49.99,49.99,Active,Spin,Multan
M0136,Female,60,55+,2024-09-11,Basic,29.99,29.99,Expired,Cardio,Rawalpindi
M0137,Male,45,45-54,2024-06-06,Basic,29.99,29.99,Expired,Yoga,Multan
M0138,Female,39,35-44,2022-02-20,Premium,79.99,79.99,Cancelled,Yoga,Multan
M0139,Female,57,55+,2023-02-24,Basic,29.99,29.99,Cancelled,Zumba,Lahore
M0140,Male,58,55+,2022-07-21,Premium,79.99,79.99,Active,Cardio,Lahore
M0141,Female,44,35-44,2022-03-16,Annual,33.33,399.99,Active,Yoga,Islamabad
M0142,Female,41,35-44,2024-08-12,Standard,49.99,49.99,Active,Cardio,Multan
M0143,Male,43,35-44,2022-06-26,Premium,79.99,79.99,Active,Spin,Lahore
M0144,Male,37,35-44,2024-08-24,Annual,33.33,399.99,Active,Cardio,Faisalabad
M0145,Female,47,45-54,2023-07-15,Basic,29.99,29.99,Active,Strength Training,Islamabad
M0146,Male,46,45-54,2022-02-01,Standard,49.99,49.99,Expired,CrossFit,Islamabad
M0147,Female,19,18-24,2022-01-18,Basic,29.99,29.99,Expired,Yoga,Karachi
M0148,Male,46,45-54,2024-08-04,Basic,29.99,29.99,Active,Strength Training,Karachi
M0149,Female,45,45-54,2022-06-11,Standard,49.99,49.99,Active,Zumba,Faisalabad
M0150,Male,41,35-44,2024-10-28,Basic,29.99,29.99,Active,Zumba,Faisalabad
M0151,Female,20,18-24,2022-11-24,Basic,29.99,29.99,Expired,Cardio,Karachi
M0152,Female,63,55+,2022-04-06,Annual,33.33,399.99,Active,Cardio,Rawalpindi
M0153,Male,35,35-44,2022-06-14,Basic,29.99,29.99,Active,Zumba,Lahore
M0154,Female,36,35-44,2022-05-31,Premium,79.99,79.99,Active,Cardio,Karachi
M0155,Male,28,25-34,2023-05-29,Annual,33.33,399.99,Active,HIIT,Islamabad
M0156,Male,54,45-54,2023-04-16,Basic,29.99,29.99,Cancelled,Pilates,Lahore
M0157,Female,39,35-44,2024-12-12,Basic,29.99,29.99,Cancelled,Yoga,Karachi
M0158,Male,49,45-54,2023-09-24,Annual,33.33,399.99,Active,Strength Training,Lahore
M0159,Male,42,35-44,2023-06-10,Premium,79.99,79.99,Expired,Pilates,Multan
M0160,Female,62,55+,2023-05-09,Annual,33.33,399.99,Active,Spin,Islamabad
M0161,Male,53,45-54,2024-04-17,Annual,33.33,399.99,Active,HIIT,Lahore
M0162,Male,59,55+,2024-09-24,Premium,79.99,79.99,Active,Strength Training,Lahore
M0163,Female,62,55+,2023-10-08,Premium,79.99,79.99,Active,Zumba,Karachi
M0164,Male,63,55+,2024-07-10,Standard,49.99,49.99,Expired,Cardio,Multan
M0165,Male,46,45-54,2024-03-29,Basic,29.99,29.99,Expired,CrossFit,Islamabad
M0166,Female,52,45-54,2023-11-07,Premium,79.99,79.99,Active,Zumba,Multan
M0167,Female,53,45-54,2023-02-10,Premium,79.99,79.99,Active,Strength Training,Islamabad
M0168,Female,26,25-34,2024-08-15,Annual,33.33,399.99,Active,Spin,Lahore
M0169,Female,60,55+,2023-12-14,Standard,49.99,49.99,Active,Yoga,Islamabad
M0170,Male,47,45-54,2022-05-11,Basic,29.99,29.99,Active,Cardio,Islamabad
M0171,Female,34,25-34,2024-12-03,Premium,79.99,79.99,Cancelled,Zumba,Lahore
M0172,Female,25,25-34,2022-01-12,Standard,49.99,49.99,Cancelled,Yoga,Faisalabad
M0173,Male,35,35-44,2023-01-09,Standard,49.99,49.99,Cancelled,Zumba,Islamabad
M0174,Female,27,25-34,2023-05-04,Annual,33.33,399.99,Active,Yoga,Karachi
M0175,Female,32,25-34,2024-09-07,Standard,49.99,49.99,Active,Yoga,Islamabad
M0176,Male,46,45-54,2023-11-19,Basic,29.99,29.99,Active,Pilates,Rawalpindi
M0177,Male,56,55+,2024-07-23,Standard,49.99,49.99,Active,Zumba,Islamabad
M0178,Female,54,45-54,2023-09-12,Basic,29.99,29.99,Active,HIIT,Rawalpindi
M0179,Female,46,45-54,2022-02-08,Standard,49.99,49.99,Active,Spin,Karachi
M0180,Male,19,18-24,2022-01-16,Standard,49.99,49.99,Cancelled,HIIT,Karachi
M0181,Female,35,35-44,2023-02-18,Basic,29.99,29.99,Active,Strength Training,Islamabad
M0182,Male,46,45-54,2024-11-28,Basic,29.99,29.99,Active,Cardio,Lahore
M0183,Male,27,25-34,2022-09-29,Annual,33.33,399.99,Cancelled,Zumba,Rawalpindi
M0184,Male,62,55+,2023-01-24,Premium,79.99,79.99,Active,Pilates,Karachi
M0185,Female,18,18-24,2022-11-20,Premium,79.99,79.99,Expired,Zumba,Lahore
M0186,Female,29,25-34,2023-02-03,Standard,49.99,49.99,Expired,Spin,Faisalabad
M0187,Female,63,55+,2024-07-27,Standard,49.99,49.99,Cancelled,Pilates,Faisalabad
M0188,Female,25,25-34,2022-08-14,Basic,29.99,29.99,Cancelled,Zumba,Multan
M0189,Male,60,55+,2024-06-03,Premium,79.99,79.99,Active,HIIT,Lahore
M0190,Male,22,18-24,2024-01-23,Annual,33.33,399.99,Expired,Zumba,Lahore
M0191,Male,59,55+,2024-11-09,Annual,33.33,399.99,Active,HIIT,Multan
M0192,Male,30,25-34,2022-08-04,Annual,33.33,399.99,Active,Zumba,Lahore
M0193,Female,28,25-34,2022-11-25,Annual,33.33,399.99,Expired,Strength Training,Islamabad
M0194,Female,51,45-54,2024-09-14,Standard,49.99,49.99,Active,Yoga,Lahore
M0195,Male,55,55+,2024-08-12,Basic,29.99,29.99,Active,Spin,Karachi
M0196,Female,30,25-34,2024-07-02,Basic,29.99,29.99,Active,Spin,Lahore
M0197,Male,20,18-24,2024-11-29,Annual,33.33,399.99,Active,HIIT,Islamabad
M0198,Male,50,45-54,2022-08-04,Premium,79.99,79.99,Expired,CrossFit,Lahore
M0199,Male,59,55+,2024-02-20,Premium,79.99,79.99,Expired,Strength Training,Multan
M0200,Female,48,45-54,2023-12-01,Basic,29.99,29.99,Cancelled,HIIT,Islamabad
M0201,Male,46,45-54,2022-03-23,Premium,79.99,79.99,Cancelled,HIIT,Faisalabad
M0202,Male,57,55+,2024-12-05,Standard,49.99,49.99,Expired,Cardio,Faisalabad
M0203,Female,24,18-24,2023-11-06,Basic,29.99,29.99,Active,CrossFit,Karachi
M0204,Female,39,35-44,2023-07-26,Basic,29.99,29.99,Expired,CrossFit,Rawalpindi
M0205,Female,34,25-34,2024-01-01,Basic,29.99,29.99,Expired,Yoga,Multan
M0206,Female,31,25-34,2023-04-19,Basic,29.99,29.99,Cancelled,Spin,Rawalpindi
M0207,Male,24,18-24,2024-02-02,Basic,29.99,29.99,Expired,Yoga,Multan
M0208,Male,40,35-44,2024-05-28,Standard,49.99,49.99,Expired,Pilates,Karachi
M0209,Female,56,55+,2023-05-31,Standard,49.99,49.99,Active,Spin,Faisalabad
M0210,Male,31,25-34,2025-01-03,Basic,29.99,29.99,Active,Strength Training,Islamabad
M0211,Female,46,45-54,2024-04-28,Annual,33.33,399.99,Active,CrossFit,Faisalabad
M0212,Male,20,18-24,2022-03-25,Standard,49.99,49.99,Active,HIIT,Rawalpindi
M0213,Female,42,35-44,2024-07-22,Basic,29.99,29.99,Active,HIIT,Rawalpindi
M0214,Female,42,35-44,2022-07-27,Standard,49.99,49.99,Active,Spin,Islamabad
M0215,Female,41,35-44,2022-07-18,Standard,49.99,49.99,Active,Strength Training,Rawalpindi
M0216,Female,34,25-34,2023-06-11,Standard,49.99,49.99,Active,Cardio,Rawalpindi
M0217,Female,39,35-44,2023-06-05,Basic,29.99,29.99,Active,Spin,Karachi
M0218,Male,25,25-34,2023-08-07,Standard,49.99,49.99,Active,Pilates,Karachi
M0219,Female,42,35-44,2023-08-30,Premium,79.99,79.99,Expired,Pilates,Lahore
M0220,Male,34,25-34,2024-02-18,Standard,49.99,49.99,Active,Pilates,Multan
M0221,Female,49,45-54,2022-04-02,Premium,79.99,79.99,Expired,Yoga,Karachi
M0222,Female,50,45-54,2022-08-13,Basic,29.99,29.99,Active,HIIT,Multan
M0223,Male,32,25-34,2022-07-13,Annual,33.33,399.99,Active,Zumba,Rawalpindi
M0224,Female,23,18-24,2022-11-13,Premium,79.99,79.99,Active,Zumba,Lahore
M0225,Male,37,35-44,2023-12-17,Annual,33.33,399.99,Active,Strength Training,Islamabad
M0226,Male,43,35-44,2022-07-27,Standard,49.99,49.99,Cancelled,Zumba,Lahore
M0227,Male,29,25-34,2024-05-23,Standard,49.99,49.99,Expired,Spin,Lahore
M0228,Male,62,55+,2022-05-02,Standard,49.99,49.99,Active,Zumba,Faisalabad
M0229,Female,23,18-24,2023-11-26,Basic,29.99,29.99,Active,Pilates,Faisalabad
M0230,Male,27,25-34,2022-11-08,Annual,33.33,399.99,Active,Spin,Faisalabad
M0231,Female,38,35-44,2022-12-19,Premium,79.99,79.99,Active,Spin,Rawalpindi
M0232,Male,37,35-44,2024-03-15,Standard,49.99,49.99,Active,HIIT,Lahore
M0233,Male,51,45-54,2024-08-04,Standard,49.99,49.99,Active,HIIT,Karachi
M0234,Male,29,25-34,2024-07-20,Standard,49.99,49.99,Active,HIIT,Faisalabad
M0235,Female,53,45-54,2024-06-29,Basic,29.99,29.99,Expired,Zumba,Karachi
M0236,Female,54,45-54,2024-07-28,Standard,49.99,49.99,Active,Spin,Lahore
M0237,Male,31,25-34,2022-11-14,Basic,29.99,29.99,Active,Yoga,Rawalpindi
M0238,Female,42,35-44,2022-05-10,Basic,29.99,29.99,Expired,HIIT,Islamabad
M0239,Female,53,45-54,2022-09-18,Standard,49.99,49.99,Expired,Zumba,Islamabad
M0240,Male,27,25-34,2024-10-30,Basic,29.99,29.99,Active,Cardio,Multan
M0241,Male,18,18-24,2022-05-13,Basic,29.99,29.99,Expired,Pilates,Rawalpindi
M0242,Male,61,55+,2023-11-18,Premium,79.99,79.99,Active,Zumba,Multan
M0243,Male,31,25-34,2023-09-12,Standard,49.99,49.99,Active,Zumba,Faisalabad
M0244,Male,52,45-54,2024-11-09,Basic,29.99,29.99,Expired,Spin,Islamabad
M0245,Male,29,25-34,2024-04-16,Basic,29.99,29.99,Expired,Spin,Karachi
M0246,Male,56,55+,2022-05-06,Annual,33.33,399.99,Active,Zumba,Islamabad
M0247,Male,62,55+,2024-07-07,Premium,79.99,79.99,Active,HIIT,Karachi
M0248,Female,18,18-24,2024-06-10,Premium,79.99,79.99,Cancelled,Spin,Multan
M0249,Female,18,18-24,2023-06-01,Annual,33.33,399.99,Active,HIIT,Islamabad
M0250,Female,64,55+,2022-04-24,Basic,29.99,29.99,Cancelled,Cardio,Islamabad
M0251,Female,36,35-44,2022-12-11,Premium,79.99,79.99,Expired,Pilates,Faisalabad
M0252,Other,19,18-24,2024-12-28,Standard,49.99,49.99,Active,Pilates,Lahore
M0253,Female,48,45-54,2023-11-19,Premium,79.99,79.99,Active,Cardio,Karachi
M0254,Female,51,45-54,2023-05-09,Annual,33.33,399.99,Active,Yoga,Islamabad
M0255,Male,18,18-24,2024-04-01,Standard,49.99,49.99,Active,Zumba,Faisalabad
M0256,Male,49,45-54,2024-04-07,Standard,49.99,49.99,Expired,Cardio,Multan
M0257,Male,19,18-24,2024-05-16,Basic,29.99,29.99,Expired,Strength Training,Faisalabad
M0258,Male,46,45-54,2022-11-24,Standard,49.99,49.99,Active,Cardio,Faisalabad
M0259,Male,32,25-34,2022-10-31,Standard,49.99,49.99,Active,Zumba,Multan
M0260,Male,38,35-44,2023-05-13,Premium,79.99,79.99,Active,Zumba,Faisalabad
M0261,Male,32,25-34,2023-02-03,Basic,29.99,29.99,Cancelled,Spin,Multan
M0262,Male,63,55+,2024-02-26,Basic,29.99,29.99,Active,Zumba,Rawalpindi
M0263,Female,47,45-54,2022-10-18,Standard,49.99,49.99,Active,Yoga,Faisalabad
M0264,Female,24,18-24,2023-10-06,Premium,79.99,79.99,Active,HIIT,Faisalabad
M0265,Male,59,55+,2022-06-08,Premium,79.99,79.99,Active,CrossFit,Rawalpindi
M0266,Female,38,35-44,2023-07-13,Annual,33.33,399.99,Active,Yoga,Karachi
M0267,Female,59,55+,2023-06-05,Standard,49.99,49.99,Active,CrossFit,Lahore
M0268,Female,36,35-44,2024-05-08,Premium,79.99,79.99,Active,Zumba,Karachi
M0269,Male,50,45-54,2024-05-06,Basic,29.99,29.99,Expired,Spin,Lahore
M0270,Male,38,35-44,2023-04-28,Annual,33.33,399.99,Active,CrossFit,Faisalabad
M0271,Male,27,25-34,2023-02-23,Standard,49.99,49.99,Active,Spin,Faisalabad
M0272,Female,52,45-54,2023-03-17,Standard,49.99,49.99,Cancelled,HIIT,Islamabad
M0273,Male,56,55+,2023-09-29,Premium,79.99,79.99,Expired,Pilates,Islamabad
M0274,Male,53,45-54,2023-07-08,Annual,33.33,399.99,Expired,Yoga,Rawalpindi
M0275,Female,58,55+,2022-03-14,Standard,49.99,49.99,Active,Spin,Lahore
M0276,Female,44,35-44,2024-04-07,Basic,29.99,29.99,Cancelled,CrossFit,Multan
M0277,Male,20,18-24,2022-03-08,Standard,49.99,49.99,Active,HIIT,Rawalpindi
M0278,Male,40,35-44,2024-02-09,Standard,49.99,49.99,Cancelled,CrossFit,Multan
M0279,Male,33,25-34,2023-03-29,Basic,29.99,29.99,Expired,Pilates,Lahore
M0280,Other,29,25-34,2022-02-24,Premium,79.99,79.99,Active,Strength Training,Multan
M0281,Female,22,18-24,2022-08-25,Basic,29.99,29.99,Cancelled,CrossFit,Rawalpindi
M0282,Male,23,18-24,2022-11-17,Premium,79.99,79.99,Active,CrossFit,Lahore
M0283,Male,51,45-54,2024-10-09,Premium,79.99,79.99,Expired,Cardio,Lahore
M0284,Female,19,18-24,2022-04-24,Standard,49.99,49.99,Active,Yoga,Lahore
M0285,Female,21,18-24,2024-04-14,Standard,49.99,49.99,Active,Pilates,Islamabad
M0286,Male,54,45-54,2023-02-10,Standard,49.99,49.99,Cancelled,Cardio,Lahore
M0287,Female,47,45-54,2022-02-11,Standard,49.99,49.99,Expired,Pilates,Multan
M0288,Male,31,25-34,2022-05-14,Basic,29.99,29.99,Active,Spin,Islamabad
M0289,Female,31,25-34,2023-08-01,Basic,29.99,29.99,Active,CrossFit,Karachi
M0290,Male,48,45-54,2024-03-03,Standard,49.99,49.99,Active,Pilates,Multan
M0291,Female,58,55+,2022-08-26,Basic,29.99,29.99,Active,Spin,Faisalabad
M0292,Male,42,35-44,2023-04-27,Basic,29.99,29.99,Active,Spin,Rawalpindi
M0293,Female,30,25-34,2024-11-01,Annual,33.33,399.99,Active,Cardio,Karachi
M0294,Male,46,45-54,2024-09-15,Basic,29.99,29.99,Expired,HIIT,Rawalpindi
M0295,Male,36,35-44,2023-10-25,Basic,29.99,29.99,Active,Yoga,Karachi
M0296,Other,32,25-34,2023-01-17,Annual,33.33,399.99,Active,Strength Training,Lahore
M0297,Female,24,18-24,2022-05-29,Basic,29.99,29.99,Active,Cardio,Lahore
M0298,Female,46,45-54,2024-02-24,Basic,29.99,29.99,Active,Cardio,Multan
M0299,Male,52,45-54,2024-12-22,Premium,79.99,79.99,Active,Cardio,Multan
M0300,Male,19,18-24,2023-03-31,Premium,79.99,79.99,Expired,Spin,Multan
M0301,Female,56,55+,2024-01-12,Basic,29.99,29.99,Expired,Spin,Faisalabad
M0302,Female,54,45-54,2022-08-30,Standard,49.99,49.99,Active,Cardio,Lahore
M0303,Female,38,35-44,2024-09-21,Basic,29.99,29.99,Expired,Zumba,Faisalabad
M0304,Male,35,35-44,2023-05-25,Basic,29.99,29.99,Active,Yoga,Faisalabad
M0305,Male,58,55+,2023-07-08,Premium,79.99,79.99,Cancelled,CrossFit,Lahore
M0306,Male,46,45-54,2023-03-01,Premium,79.99,79.99,Active,HIIT,Karachi
M0307,Male,51,45-54,2022-08-20,Standard,49.99,49.99,Expired,Pilates,Lahore
M0308,Male,62,55+,2022-03-20,Annual,33.33,399.99,Active,CrossFit,Rawalpindi
M0309,Male,25,25-34,2023-03-25,Standard,49.99,49.99,Active,Strength Training,Lahore
M0310,Female,37,35-44,2023-02-12,Basic,29.99,29.99,Active,HIIT,Multan
M0311,Male,45,45-54,2023-03-12,Premium,79.99,79.99,Expired,HIIT,Faisalabad
M0312,Male,27,25-34,2024-02-12,Premium,79.99,79.99,Expired,CrossFit,Rawalpindi
M0313,Male,20,18-24,2022-12-26,Standard,49.99,49.99,Active,Pilates,Rawalpindi
M0314,Female,27,25-34,2022-06-18,Annual,33.33,399.99,Active,Cardio,Islamabad
M0315,Female,48,45-54,2024-02-09,Standard,49.99,49.99,Expired,CrossFit,Rawalpindi
M0316,Male,35,35-44,2023-06-07,Basic,29.99,29.99,Active,Yoga,Islamabad
M0317,Male,39,35-44,2024-04-25,Standard,49.99,49.99,Expired,Cardio,Faisalabad
M0318,Male,49,45-54,2023-11-17,Basic,29.99,29.99,Cancelled,Zumba,Lahore
M0319,Male,30,25-34,2024-02-19,Annual,33.33,399.99,Active,Pilates,Multan
M0320,Male,28,25-34,2022-08-26,Premium,79.99,79.99,Expired,Pilates,Islamabad
M0321,Male,19,18-24,2023-06-18,Standard,49.99,49.99,Expired,Zumba,Rawalpindi
M0322,Female,40,35-44,2022-10-10,Annual,33.33,399.99,Active,Spin,Multan
M0323,Male,36,35-44,2023-02-25,Standard,49.99,49.99,Active,Pilates,Rawalpindi
M0324,Female,18,18-24,2022-05-16,Standard,49.99,49.99,Active,Strength Training,Lahore
M0325,Female,38,35-44,2024-05-23,Premium,79.99,79.99,Active,Zumba,Islamabad
M0326,Female,26,25-34,2024-07-11,Premium,79.99,79.99,Active,Pilates,Karachi
M0327,Male,31,25-34,2023-08-25,Premium,79.99,79.99,Cancelled,HIIT,Faisalabad
M0328,Female,23,18-24,2024-11-09,Standard,49.99,49.99,Active,Spin,Karachi
M0329,Female,27,25-34,2022-05-12,Standard,49.99,49.99,Expired,Strength Training,Karachi
M0330,Male,55,55+,2024-04-01,Premium,79.99,79.99,Active,Cardio,Lahore
M0331,Male,21,18-24,2024-07-29,Basic,29.99,29.99,Expired,Strength Training,Faisalabad
M0332,Female,41,35-44,2022-12-02,Basic,29.99,29.99,Expired,HIIT,Islamabad
M0333,Male,63,55+,2022-06-08,Basic,29.99,29.99,Active,CrossFit,Faisalabad
M0334,Female,48,45-54,2025-01-04,Premium,79.99,79.99,Expired,Strength Training,Faisalabad
M0335,Male,50,45-54,2024-01-10,Basic,29.99,29.99,Expired,Cardio,Lahore
M0336,Male,62,55+,2024-02-02,Premium,79.99,79.99,Expired,Pilates,Rawalpindi
M0337,Other,23,18-24,2023-10-22,Premium,79.99,79.99,Active,Cardio,Islamabad
M0338,Male,27,25-34,2022-05-17,Annual,33.33,399.99,Active,Spin,Islamabad
M0339,Female,62,55+,2022-09-11,Standard,49.99,49.99,Expired,Strength Training,Karachi
M0340,Male,46,45-54,2023-07-01,Standard,49.99,49.99,Cancelled,Cardio,Lahore
M0341,Female,23,18-24,2024-07-05,Standard,49.99,49.99,Active,Pilates,Karachi
M0342,Male,23,18-24,2024-07-19,Standard,49.99,49.99,Expired,Pilates,Rawalpindi
M0343,Female,42,35-44,2022-07-07,Standard,49.99,49.99,Cancelled,Pilates,Rawalpindi
M0344,Male,52,45-54,2023-09-10,Basic,29.99,29.99,Active,Pilates,Karachi
M0345,Male,53,45-54,2022-07-24,Basic,29.99,29.99,Active,Cardio,Karachi
M0346,Female,50,45-54,2022-09-07,Standard,49.99,49.99,Active,Pilates,Karachi
M0347,Female,32,25-34,2023-11-03,Premium,79.99,79.99,Cancelled,Spin,Karachi
M0348,Other,54,45-54,2023-05-07,Premium,79.99,79.99,Expired,HIIT,Faisalabad
M0349,Female,38,35-44,2024-09-10,Standard,49.99,49.99,Active,Yoga,Faisalabad
M0350,Male,59,55+,2023-03-01,Basic,29.99,29.99,Expired,Pilates,Lahore
M0351,Female,45,45-54,2023-08-16,Annual,33.33,399.99,Active,Yoga,Multan
M0352,Female,23,18-24,2022-06-26,Standard,49.99,49.99,Active,HIIT,Faisalabad
M0353,Female,51,45-54,2022-01-22,Premium,79.99,79.99,Expired,Strength Training,Faisalabad
M0354,Female,27,25-34,2023-08-11,Basic,29.99,29.99,Active,Strength Training,Lahore
M0355,Male,43,35-44,2024-08-17,Standard,49.99,49.99,Cancelled,Pilates,Rawalpindi
M0356,Female,32,25-34,2022-08-02,Basic,29.99,29.99,Active,Cardio,Multan
M0357,Male,19,18-24,2024-09-27,Standard,49.99,49.99,Expired,Pilates,Islamabad
M0358,Male,23,18-24,2024-12-03,Standard,49.99,49.99,Active,Zumba,Lahore
M0359,Male,28,25-34,2023-01-14,Standard,49.99,49.99,Expired,HIIT,Rawalpindi
M0360,Female,25,25-34,2023-04-21,Premium,79.99,79.99,Active,Zumba,Multan
M0361,Male,19,18-24,2023-07-08,Standard,49.99,49.99,Expired,Strength Training,Faisalabad
M0362,Male,55,55+,2022-09-16,Annual,33.33,399.99,Active,Yoga,Faisalabad
M0363,Female,21,18-24,2024-07-16,Premium,79.99,79.99,Active,Pilates,Multan
M0364,Other,33,25-34,2023-06-28,Basic,29.99,29.99,Expired,Spin,Faisalabad
M0365,Female,55,55+,2023-11-01,Standard,49.99,49.99,Active,Strength Training,Islamabad
M0366,Male,51,45-54,2022-05-11,Standard,49.99,49.99,Expired,Pilates,Faisalabad
M0367,Female,55,55+,2022-08-15,Basic,29.99,29.99,Cancelled,Strength Training,Rawalpindi
M0368,Male,41,35-44,2024-07-31,Premium,79.99,79.99,Active,Strength Training,Rawalpindi
M0369,Female,45,45-54,2023-04-21,Standard,49.99,49.99,Active,Pilates,Lahore
M0370,Male,64,55+,2024-09-07,Standard,49.99,49.99,Cancelled,Strength Training,Lahore
M0371,Female,22,18-24,2022-10-06,Standard,49.99,49.99,Active,Pilates,Islamabad
M0372,Male,51,45-54,2024-07-19,Basic,29.99,29.99,Expired,CrossFit,Rawalpindi
M0373,Female,18,18-24,2024-12-06,Basic,29.99,29.99,Cancelled,Zumba,Islamabad
M0374,Male,32,25-34,2023-05-31,Annual,33.33,399.99,Active,Strength Training,Lahore
M0375,Male,29,25-34,2024-08-06,Premium,79.99,79.99,Cancelled,Yoga,Islamabad
M0376,Female,23,18-24,2024-04-24,Annual,33.33,399.99,Active,Zumba,Islamabad
M0377,Male,25,25-34,2024-06-06,Standard,49.99,49.99,Active,Strength Training,Multan
M0378,Female,31,25-34,2023-08-19,Basic,29.99,29.99,Active,Zumba,Multan
M0379,Female,36,35-44,2022-03-24,Annual,33.33,399.99,Expired,Cardio,Faisalabad
M0380,Female,36,35-44,2024-12-22,Standard,49.99,49.99,Expired,Pilates,Multan
M0381,Male,50,45-54,2023-11-07,Basic,29.99,29.99,Active,Yoga,Multan
M0382,Female,47,45-54,2024-03-31,Basic,29.99,29.99,Active,Strength Training,Rawalpindi
M0383,Male,63,55+,2024-09-14,Annual,33.33,399.99,Active,CrossFit,Faisalabad
M0384,Male,52,45-54,2024-12-21,Premium,79.99,79.99,Active,Pilates,Karachi
M0385,Male,20,18-24,2023-10-23,Basic,29.99,29.99,Cancelled,Spin,Faisalabad
M0386,Male,18,18-24,2024-11-24,Premium,79.99,79.99,Cancelled,Zumba,Rawalpindi
M0387,Male,58,55+,2023-03-14,Standard,49.99,49.99,Expired,Cardio,Faisalabad
M0388,Female,37,35-44,2023-02-10,Standard,49.99,49.99,Expired,Strength Training,Rawalpindi
M0389,Female,62,55+,2022-12-14,Basic,29.99,29.99,Active,Cardio,Karachi
M0390,Male,40,35-44,2022-12-13,Premium,79.99,79.99,Active,Pilates,Lahore
M0391,Male,25,25-34,2023-07-27,Standard,49.99,49.99,Active,HIIT,Lahore
M0392,Male,57,55+,2023-03-17,Standard,49.99,49.99,Active,CrossFit,Faisalabad
M0393,Male,25,25-34,2023-10-15,Standard,49.99,49.99,Cancelled,Cardio,Lahore
M0394,Male,59,55+,2023-08-25,Standard,49.99,49.99,Active,Pilates,Lahore
M0395,Female,56,55+,2024-03-27,Standard,49.99,49.99,Active,Zumba,Faisalabad
M0396,Male,63,55+,2024-02-18,Basic,29.99,29.99,Active,CrossFit,Rawalpindi
M0397,Female,62,55+,2022-01-19,Standard,49.99,49.99,Cancelled,CrossFit,Lahore
M0398,Female,25,25-34,2023-08-25,Annual,33.33,399.99,Expired,Pilates,Multan
M0399,Female,37,35-44,2024-10-01,Premium,79.99,79.99,Active,HIIT,Rawalpindi
M0400,Male,54,45-54,2024-09-16,Premium,79.99,79.99,Expired,Cardio,Rawalpindi
M0401,Male,56,55+,2022-11-28,Basic,29.99,29.99,Active,Spin,Lahore
M0402,Male,27,25-34,2022-07-21,Standard,49.99,49.99,Expired,Strength Training,Multan
M0403,Female,37,35-44,2023-12-14,Standard,49.99,49.99,Cancelled,Spin,Karachi
M0404,Female,34,25-34,2023-01-22,Standard,49.99,49.99,Active,Cardio,Islamabad
M0405,Female,43,35-44,2022-08-23,Standard,49.99,49.99,Expired,Pilates,Lahore
M0406,Female,55,55+,2022-08-11,Standard,49.99,49.99,Cancelled,Pilates,Islamabad
M0407,Female,55,55+,2023-02-24,Premium,79.99,79.99,Active,Cardio,Rawalpindi
M0408,Male,40,35-44,2022-07-14,Annual,33.33,399.99,Cancelled,CrossFit,Karachi
M0409,Male,24,18-24,2023-11-10,Standard,49.99,49.99,Active,CrossFit,Lahore
M0410,Female,35,35-44,2023-07-13,Basic,29.99,29.99,Active,Strength Training,Islamabad
M0411,Female,22,18-24,2022-05-06,Standard,49.99,49.99,Active,CrossFit,Rawalpindi
M0412,Male,22,18-24,2024-04-12,Basic,29.99,29.99,Active,CrossFit,Islamabad
M0413,Male,63,55+,2022-03-16,Basic,29.99,29.99,Active,CrossFit,Islamabad
M0414,Male,47,45-54,2022-09-19,Premium,79.99,79.99,Active,HIIT,Faisalabad
M0415,Female,23,18-24,2022-06-19,Standard,49.99,49.99,Active,Cardio,Lahore
M0416,Male,34,25-34,2023-01-04,Basic,29.99,29.99,Expired,CrossFit,Multan
M0417,Female,30,25-34,2022-03-09,Annual,33.33,399.99,Active,Pilates,Faisalabad
M0418,Female,49,45-54,2022-12-09,Standard,49.99,49.99,Active,HIIT,Lahore
M0419,Female,61,55+,2022-12-07,Standard,49.99,49.99,Active,Cardio,Islamabad
M0420,Male,53,45-54,2023-04-28,Basic,29.99,29.99,Cancelled,Yoga,Islamabad
M0421,Male,36,35-44,2022-04-14,Standard,49.99,49.99,Expired,Spin,Rawalpindi
M0422,Male,36,35-44,2023-06-01,Standard,49.99,49.99,Active,Strength Training,Faisalabad
M0423,Female,38,35-44,2022-09-24,Standard,49.99,49.99,Active,Zumba,Rawalpindi
M0424,Female,29,25-34,2024-09-03,Premium,79.99,79.99,Active,Strength Training,Islamabad
M0425,Male,49,45-54,2023-10-28,Annual,33.33,399.99,Active,Zumba,Karachi
M0426,Female,34,25-34,2023-02-11,Standard,49.99,49.99,Active,Pilates,Islamabad
M0427,Female,64,55+,2022-03-23,Standard,49.99,49.99,Expired,Spin,Islamabad
M0428,Male,62,55+,2024-12-07,Annual,33.33,399.99,Active,Yoga,Lahore
M0429,Male,22,18-24,2024-04-19,Basic,29.99,29.99,Cancelled,Pilates,Faisalabad
M0430,Female,39,35-44,2022-10-14,Premium,79.99,79.99,Expired,Strength Training,Islamabad
M0431,Female,33,25-34,2024-06-24,Basic,29.99,29.99,Active,Yoga,Islamabad
M0432,Other,52,45-54,2023-11-27,Standard,49.99,49.99,Expired,CrossFit,Karachi
M0433,Female,20,18-24,2022-04-23,Basic,29.99,29.99,Active,Yoga,Faisalabad
M0434,Female,25,25-34,2022-01-01,Basic,29.99,29.99,Active,CrossFit,Lahore
M0435,Male,57,55+,2022-09-14,Premium,79.99,79.99,Expired,HIIT,Multan
M0436,Male,25,25-34,2023-02-18,Basic,29.99,29.99,Active,Cardio,Faisalabad
M0437,Female,33,25-34,2022-02-14,Annual,33.33,399.99,Active,Yoga,Karachi
M0438,Male,64,55+,2022-11-18,Basic,29.99,29.99,Active,HIIT,Islamabad
M0439,Male,44,35-44,2024-06-22,Basic,29.99,29.99,Active,Zumba,Faisalabad
M0440,Female,30,25-34,2022-11-17,Standard,49.99,49.99,Active,Spin,Islamabad
M0441,Male,49,45-54,2023-12-27,Basic,29.99,29.99,Expired,HIIT,Rawalpindi
M0442,Male,45,45-54,2023-10-22,Premium,79.99,79.99,Active,Spin,Multan
M0443,Female,40,35-44,2024-11-19,Standard,49.99,49.99,Active,Cardio,Multan
M0444,Female,58,55+,2024-04-29,Premium,79.99,79.99,Expired,Zumba,Lahore
M0445,Male,35,35-44,2024-09-17,Basic,29.99,29.99,Expired,Pilates,Lahore
M0446,Female,61,55+,2024-03-28,Standard,49.99,49.99,Active,Spin,Rawalpindi
M0447,Female,44,35-44,2023-09-25,Standard,49.99,49.99,Active,Cardio,Rawalpindi
M0448,Male,23,18-24,2024-06-29,Annual,33.33,399.99,Active,Cardio,Islamabad
M0449,Female,50,45-54,2023-02-05,Premium,79.99,79.99,Active,Yoga,Karachi
M0450,Male,30,25-34,2022-06-24,Basic,29.99,29.99,Expired,CrossFit,Rawalpindi
M0451,Male,47,45-54,2023-06-07,Annual,33.33,399.99,Active,Cardio,Islamabad
M0452,Male,56,55+,2024-03-20,Basic,29.99,29.99,Active,Yoga,Islamabad
M0453,Male,58,55+,2022-08-15,Standard,49.99,49.99,Active,Spin,Faisalabad
M0454,Male,55,55+,2022-01-31,Premium,79.99,79.99,Active,CrossFit,Multan
M0455,Male,26,25-34,2023-09-13,Premium,79.99,79.99,Active,Zumba,Rawalpindi
M0456,Male,61,55+,2022-10-01,Premium,79.99,79.99,Cancelled,CrossFit,Multan
M0457,Female,52,45-54,2024-12-24,Annual,33.33,399.99,Active,Yoga,Multan
M0458,Male,27,25-34,2022-02-23,Standard,49.99,49.99,Active,Spin,Multan
M0459,Male,20,18-24,2024-05-17,Annual,33.33,399.99,Active,Yoga,Rawalpindi
M0460,Male,53,45-54,2024-06-02,Basic,29.99,29.99,Active,HIIT,Multan
M0461,Male,57,55+,2022-04-29,Premium,79.99,79.99,Expired,Cardio,Islamabad
M0462,Male,23,18-24,2022-06-24,Premium,79.99,79.99,Active,CrossFit,Faisalabad
M0463,Male,29,25-34,2023-10-27,Premium,79.99,79.99,Active,Strength Training,Faisalabad
M0464,Female,26,25-34,2023-04-29,Standard,49.99,49.99,Cancelled,CrossFit,Lahore
M0465,Male,39,35-44,2024-09-09,Premium,79.99,79.99,Active,CrossFit,Islamabad
M0466,Female,30,25-34,2023-05-04,Annual,33.33,399.99,Active,Zumba,Rawalpindi
M0467,Female,22,18-24,2023-05-31,Annual,33.33,399.99,Cancelled,Cardio,Karachi
M0468,Male,43,35-44,2023-06-24,Premium,79.99,79.99,Active,HIIT,Lahore
M0469,Male,36,35-44,2022-01-26,Premium,79.99,79.99,Active,Spin,Rawalpindi
M0470,Male,18,18-24,2024-10-03,Basic,29.99,29.99,Expired,Cardio,Multan
M0471,Female,48,45-54,2022-08-04,Premium,79.99,79.99,Active,HIIT,Karachi
M0472,Female,50,45-54,2022-01-05,Standard,49.99,49.99,Active,Strength Training,Karachi
M0473,Male,63,55+,2022-01-15,Standard,49.99,49.99,Cancelled,Pilates,Multan
M0474,Male,63,55+,2023-08-21,Premium,79.99,79.99,Active,Pilates,Islamabad
M0475,Male,62,55+,2024-09-16,Annual,33.33,399.99,Active,Yoga,Lahore
M0476,Female,45,45-54,2022-11-27,Premium,79.99,79.99,Cancelled,Yoga,Rawalpindi
M0477,Male,29,25-34,2023-07-14,Standard,49.99,49.99,Cancelled,Yoga,Karachi
M0478,Other,35,35-44,2024-11-08,Basic,29.99,29.99,Active,Cardio,Rawalpindi
M0479,Female,34,25-34,2024-06-01,Premium,79.99,79.99,Active,Spin,Karachi
M0480,Female,25,25-34,2024-07-18,Premium,79.99,79.99,Active,Cardio,Multan
M0481,Female,37,35-44,2024-04-12,Standard,49.99,49.99,Expired,Pilates,Faisalabad
M0482,Male,53,45-54,2022-03-27,Standard,49.99,49.99,Cancelled,CrossFit,Rawalpindi
M0483,Female,57,55+,2022-06-20,Basic,29.99,29.99,Cancelled,CrossFit,Islamabad
M0484,Female,20,18-24,2024-02-29,Standard,49.99,49.99,Active,Spin,Karachi
M0485,Female,44,35-44,2024-01-10,Basic,29.99,29.99,Active,Yoga,Lahore
M0486,Female,37,35-44,2023-08-28,Standard,49.99,49.99,Expired,Strength Training,Islamabad
M0487,Female,46,45-54,2023-12-19,Standard,49.99,49.99,Cancelled,Strength Training,Karachi
M0488,Female,43,35-44,2022-11-20,Premium,79.99,79.99,Cancelled,Cardio,Karachi
M0489,Male,18,18-24,2022-11-11,Basic,29.99,29.99,Active,HIIT,Faisalabad
M0490,Male,38,35-44,2024-01-03,Standard,49.99,49.99,Expired,HIIT,Islamabad
M0491,Female,24,18-24,2023-02-07,Basic,29.99,29.99,Active,Spin,Faisalabad
M0492,Female,32,25-34,2023-04-07,Premium,79.99,79.99,Active,Spin,Faisalabad
M0493,Male,63,55+,2023-07-07,Basic,29.99,29.99,Expired,Yoga,Islamabad
M0494,Male,18,18-24,2024-04-15,Basic,29.99,29.99,Cancelled,CrossFit,Islamabad
M0495,Female,46,45-54,2022-02-09,Basic,29.99,29.99,Expired,HIIT,Rawalpindi
M0496,Female,40,35-44,2022-10-17,Annual,33.33,399.99,Active,Zumba,Multan
M0497,Male,23,18-24,2022-06-30,Premium,79.99,79.99,Active,HIIT,Multan
M0498,Male,64,55+,2022-07-31,Basic,29.99,29.99,Active,Cardio,Multan
M0499,Female,40,35-44,2023-02-24,Premium,79.99,79.99,Cancelled,Pilates,Multan
M0500,Male,31,25-34,2024-05-18,Premium,79.99,79.99,Cancelled,CrossFit,Islamabad
M0501,Male,39,35-44,2024-12-06,Premium,79.99,79.99,Cancelled,Spin,Lahore
M0502,Male,27,25-34,2022-09-29,Basic,29.99,29.99,Active,HIIT,Multan
M0503,Male,39,35-44,2023-06-05,Basic,29.99,29.99,Expired,Cardio,Rawalpindi
M0504,Female,18,18-24,2022-06-02,Basic,29.99,29.99,Expired,Strength Training,Rawalpindi
M0505,Female,32,25-34,2023-05-04,Standard,49.99,49.99,Active,Strength Training,Multan
M0506,Male,34,25-34,2024-10-21,Basic,29.99,29.99,Active,Yoga,Faisalabad
M0507,Male,20,18-24,2022-03-14,Standard,49.99,49.99,Active,Yoga,Rawalpindi
M0508,Male,34,25-34,2022-06-24,Standard,49.99,49.99,Active,Zumba,Rawalpindi
M0509,Female,36,35-44,2024-05-13,Premium,79.99,79.99,Active,Strength Training,Multan
M0510,Female,21,18-24,2024-04-05,Standard,49.99,49.99,Cancelled,Spin,Islamabad
M0511,Male,36,35-44,2024-06-20,Standard,49.99,49.99,Cancelled,Spin,Islamabad
M0512,Female,52,45-54,2023-01-25,Basic,29.99,29.99,Cancelled,CrossFit,Islamabad
M0513,Female,39,35-44,2023-03-28,Standard,49.99,49.99,Active,Spin,Multan
M0514,Female,36,35-44,2023-01-10,Standard,49.99,49.99,Cancelled,Cardio,Rawalpindi
M0515,Male,22,18-24,2022-04-23,Basic,29.99,29.99,Active,Yoga,Multan
M0516,Male,50,45-54,2023-06-01,Premium,79.99,79.99,Active,CrossFit,Lahore
M0517,Male,47,45-54,2022-01-19,Premium,79.99,79.99,Active,Cardio,Lahore
M0518,Female,36,35-44,2023-01-26,Standard,49.99,49.99,Active,Spin,Rawalpindi
M0519,Other,58,55+,2024-11-18,Standard,49.99,49.99,Cancelled,HIIT,Multan
M0520,Female,22,18-24,2022-07-21,Basic,29.99,29.99,Cancelled,Yoga,Faisalabad
M0521,Male,24,18-24,2023-03-01,Basic,29.99,29.99,Active,HIIT,Karachi
M0522,Female,55,55+,2022-07-27,Standard,49.99,49.99,Active,Strength Training,Islamabad
M0523,Male,58,55+,2023-10-31,Annual,33.33,399.99,Active,Cardio,Islamabad
M0524,Female,51,45-54,2023-08-19,Basic,29.99,29.99,Expired,Pilates,Islamabad
M0525,Female,58,55+,2022-03-14,Premium,79.99,79.99,Expired,Strength Training,Rawalpindi
M0526,Male,43,35-44,2022-09-15,Annual,33.33,399.99,Cancelled,Spin,Islamabad
M0527,Female,39,35-44,2023-10-24,Annual,33.33,399.99,Active,Pilates,Lahore
M0528,Male,24,18-24,2022-10-11,Standard,49.99,49.99,Active,Cardio,Islamabad
M0529,Male,49,45-54,2025-01-01,Premium,79.99,79.99,Active,Pilates,Lahore
M0530,Female,52,45-54,2024-04-21,Basic,29.99,29.99,Active,Spin,Lahore
M0531,Male,26,25-34,2023-01-02,Basic,29.99,29.99,Active,Strength Training,Rawalpindi
M0532,Male,37,35-44,2022-02-12,Standard,49.99,49.99,Active,Zumba,Lahore
M0533,Male,64,55+,2024-01-27,Annual,33.33,399.99,Active,Yoga,Lahore
M0534,Male,28,25-34,2022-03-10,Basic,29.99,29.99,Cancelled,Strength Training,Multan
M0535,Female,27,25-34,2022-11-27,Standard,49.99,49.99,Active,Zumba,Islamabad
M0536,Male,27,25-34,2022-11-15,Standard,49.99,49.99,Active,Zumba,Islamabad
M0537,Female,23,18-24,2023-11-22,Premium,79.99,79.99,Active,Zumba,Lahore
M0538,Female,35,35-44,2024-03-06,Annual,33.33,399.99,Expired,Spin,Karachi
M0539,Male,55,55+,2023-03-21,Annual,33.33,399.99,Active,Cardio,Karachi
M0540,Female,28,25-34,2022-04-02,Standard,49.99,49.99,Active,Spin,Rawalpindi
M0541,Female,41,35-44,2022-09-13,Standard,49.99,49.99,Active,Zumba,Lahore
M0542,Female,18,18-24,2024-04-02,Premium,79.99,79.99,Active,Spin,Faisalabad
M0543,Female,24,18-24,2023-10-07,Premium,79.99,79.99,Cancelled,Zumba,Rawalpindi
M0544,Male,29,25-34,2024-03-13,Premium,79.99,79.99,Active,CrossFit,Karachi
M0545,Female,41,35-44,2022-10-04,Premium,79.99,79.99,Active,Zumba,Multan
M0546,Male,63,55+,2023-06-28,Premium,79.99,79.99,Expired,HIIT,Karachi
M0547,Male,26,25-34,2024-03-17,Basic,29.99,29.99,Active,Spin,Islamabad
M0548,Female,59,55+,2024-11-28,Basic,29.99,29.99,Cancelled,Cardio,Islamabad
M0549,Male,46,45-54,2023-02-18,Standard,49.99,49.99,Expired,Zumba,Faisalabad
M0550,Male,40,35-44,2023-11-03,Premium,79.99,79.99,Active,Zumba,Faisalabad
M0551,Male,47,45-54,2023-03-26,Standard,49.99,49.99,Expired,Yoga,Multan
M0552,Male,31,25-34,2023-12-22,Standard,49.99,49.99,Expired,Zumba,Rawalpindi
M0553,Male,45,45-54,2022-04-25,Basic,29.99,29.99,Active,Zumba,Multan
M0554,Female,41,35-44,2022-05-27,Standard,49.99,49.99,Expired,Spin,Lahore
M0555,Female,57,55+,2024-08-15,Annual,33.33,399.99,Active,Yoga,Faisalabad
M0556,Female,18,18-24,2024-08-03,Standard,49.99,49.99,Active,CrossFit,Faisalabad
M0557,Male,46,45-54,2023-07-14,Standard,49.99,49.99,Active,CrossFit,Karachi
M0558,Male,20,18-24,2022-01-17,Basic,29.99,29.99,Active,Yoga,Faisalabad
M0559,Female,42,35-44,2022-07-12,Basic,29.99,29.99,Expired,Strength Training,Faisalabad
M0560,Female,45,45-54,2023-02-20,Premium,79.99,79.99,Cancelled,CrossFit,Lahore
M0561,Male,61,55+,2023-05-20,Annual,33.33,399.99,Active,Yoga,Multan
M0562,Male,32,25-34,2022-12-05,Premium,79.99,79.99,Active,Spin,Multan
M0563,Male,19,18-24,2023-06-26,Standard,49.99,49.99,Active,Pilates,Multan
M0564,Male,32,25-34,2023-12-17,Basic,29.99,29.99,Expired,Yoga,Lahore
M0565,Male,32,25-34,2023-11-16,Standard,49.99,49.99,Active,Spin,Islamabad
M0566,Male,57,55+,2022-11-19,Basic,29.99,29.99,Active,Pilates,Rawalpindi
M0567,Male,44,35-44,2024-04-22,Premium,79.99,79.99,Expired,HIIT,Multan
M0568,Female,51,45-54,2023-07-15,Standard,49.99,49.99,Expired,Zumba,Lahore
M0569,Female,56,55+,2022-09-07,Standard,49.99,49.99,Active,Cardio,Lahore
M0570,Female,24,18-24,2023-04-30,Basic,29.99,29.99,Expired,Zumba,Rawalpindi
M0571,Female,48,45-54,2024-07-13,Basic,29.99,29.99,Active,CrossFit,Karachi
M0572,Male,59,55+,2024-03-14,Annual,33.33,399.99,Active,Spin,Faisalabad
M0573,Female,57,55+,2022-09-24,Basic,29.99,29.99,Active,HIIT,Multan
M0574,Female,32,25-34,2024-01-04,Annual,33.33,399.99,Active,HIIT,Karachi
M0575,Male,49,45-54,2023-01-31,Standard,49.99,49.99,Active,Pilates,Multan
M0576,Male,47,45-54,2023-05-20,Basic,29.99,29.99,Cancelled,Pilates,Faisalabad
M0577,Female,44,35-44,2022-06-05,Standard,49.99,49.99,Active,Pilates,Karachi
M0578,Female,49,45-54,2024-09-25,Premium,79.99,79.99,Cancelled,Pilates,Rawalpindi
M0579,Male,18,18-24,2022-12-06,Standard,49.99,49.99,Active,Pilates,Multan
M0580,Female,22,18-24,2024-06-11,Annual,33.33,399.99,Active,Pilates,Karachi
M0581,Female,57,55+,2024-06-20,Standard,49.99,49.99,Active,Zumba,Faisalabad
M0582,Female,50,45-54,2022-08-18,Basic,29.99,29.99,Expired,CrossFit,Multan
M0583,Female,48,45-54,2023-11-19,Premium,79.99,79.99,Cancelled,Spin,Karachi
M0584,Male,33,25-34,2022-12-31,Standard,49.99,49.99,Expired,Yoga,Islamabad
M0585,Male,28,25-34,2024-10-08,Annual,33.33,399.99,Expired,Cardio,Faisalabad
M0586,Female,41,35-44,2024-03-13,Basic,29.99,29.99,Active,CrossFit,Rawalpindi
M0587,Female,20,18-24,2022-07-26,Standard,49.99,49.99,Active,Spin,Faisalabad
M0588,Female,46,45-54,2022-05-18,Standard,49.99,49.99,Active,Strength Training,Karachi
M0589,Female,36,35-44,2022-03-15,Basic,29.99,29.99,Expired,Strength Training,Multan
M0590,Other,22,18-24,2024-09-20,Standard,49.99,49.99,Active,Cardio,Karachi
M0591,Female,28,25-34,2022-06-19,Premium,79.99,79.99,Expired,Spin,Karachi
M0592,Female,38,35-44,2023-11-25,Standard,49.99,49.99,Cancelled,Zumba,Lahore
M0593,Female,27,25-34,2023-07-25,Premium,79.99,79.99,Expired,Yoga,Rawalpindi
M0594,Female,39,35-44,2022-07-12,Basic,29.99,29.99,Expired,Yoga,Faisalabad
M0595,Female,50,45-54,2023-03-06,Basic,29.99,29.99,Active,Strength Training,Rawalpindi
M0596,Male,43,35-44,2023-06-16,Annual,33.33,399.99,Active,Spin,Karachi
M0597,Female,43,35-44,2024-03-15,Premium,79.99,79.99,Expired,Cardio,Islamabad
M0598,Female,47,45-54,2023-10-22,Basic,29.99,29.99,Active,Cardio,Rawalpindi
M0599,Male,24,18-24,2023-03-15,Annual,33.33,399.99,Active,Strength Training,Islamabad
M0600,Male,37,35-44,2022-03-29,Annual,33.33,399.99,Active,Yoga,Lahore
M0601,Male,56,55+,2023-08-30,Premium,79.99,79.99,Active,Cardio,Lahore
M0602,Male,63,55+,2024-12-23,Annual,33.33,399.99,Active,HIIT,Rawalpindi
M0603,Female,55,55+,2023-07-24,Basic,29.99,29.99,Active,CrossFit,Rawalpindi
M0604,Male,57,55+,2024-02-22,Basic,29.99,29.99,Cancelled,Cardio,Islamabad
M0605,Male,27,25-34,2022-04-20,Standard,49.99,49.99,Active,Yoga,Rawalpindi
M0606,Female,43,35-44,2023-09-29,Standard,49.99,49.99,Cancelled,Zumba,Karachi
M0607,Male,40,35-44,2022-06-15,Annual,33.33,399.99,Active,Zumba,Islamabad
M0608,Male,27,25-34,2022-04-06,Basic,29.99,29.99,Active,Pilates,Islamabad
M0609,Male,59,55+,2024-12-24,Standard,49.99,49.99,Active,HIIT,Lahore
M0610,Female,29,25-34,2024-02-29,Premium,79.99,79.99,Expired,Zumba,Karachi
M0611,Female,49,45-54,2024-04-10,Basic,29.99,29.99,Expired,Cardio,Karachi
M0612,Male,29,25-34,2024-09-07,Standard,49.99,49.99,Expired,Strength Training,Rawalpindi
M0613,Male,56,55+,2024-01-31,Annual,33.33,399.99,Active,Yoga,Multan
M0614,Male,54,45-54,2023-05-03,Basic,29.99,29.99,Cancelled,Spin,Lahore
M0615,Female,21,18-24,2022-07-07,Standard,49.99,49.99,Expired,CrossFit,Lahore
M0616,Female,55,55+,2024-04-24,Premium,79.99,79.99,Active,Spin,Multan
M0617,Female,55,55+,2024-01-28,Premium,79.99,79.99,Active,CrossFit,Multan
M0618,Male,27,25-34,2022-07-04,Premium,79.99,79.99,Active,Strength Training,Rawalpindi
M0619,Male,42,35-44,2024-04-06,Premium,79.99,79.99,Expired,Zumba,Multan
M0620,Female,39,35-44,2023-12-26,Annual,33.33,399.99,Active,Spin,Karachi
M0621,Male,53,45-54,2022-10-03,Standard,49.99,49.99,Active,Zumba,Faisalabad
M0622,Male,40,35-44,2024-12-17,Basic,29.99,29.99,Cancelled,CrossFit,Islamabad
M0623,Female,45,45-54,2023-11-30,Standard,49.99,49.99,Active,CrossFit,Karachi
M0624,Female,56,55+,2024-01-28,Standard,49.99,49.99,Expired,HIIT,Faisalabad
M0625,Female,38,35-44,2022-08-26,Premium,79.99,79.99,Active,CrossFit,Lahore
M0626,Female,27,25-34,2024-07-24,Basic,29.99,29.99,Expired,Spin,Rawalpindi
M0627,Male,64,55+,2024-07-14,Standard,49.99,49.99,Active,Strength Training,Islamabad
M0628,Male,25,25-34,2022-05-20,Premium,79.99,79.99,Active,Pilates,Rawalpindi
M0629,Female,28,25-34,2022-04-17,Premium,79.99,79.99,Active,Zumba,Lahore
M0630,Female,57,55+,2023-02-20,Standard,49.99,49.99,Cancelled,Pilates,Multan
M0631,Female,25,25-34,2024-08-03,Standard,49.99,49.99,Expired,Strength Training,Islamabad
M0632,Female,19,18-24,2022-05-19,Basic,29.99,29.99,Active,Strength Training,Rawalpindi
M0633,Female,45,45-54,2022-09-30,Premium,79.99,79.99,Active,Zumba,Faisalabad
M0634,Female,49,45-54,2022-06-26,Basic,29.99,29.99,Cancelled,Cardio,Rawalpindi
M0635,Male,57,55+,2022-03-24,Standard,49.99,49.99,Active,Cardio,Lahore
M0636,Male,29,25-34,2022-07-29,Annual,33.33,399.99,Active,CrossFit,Karachi
M0637,Male,64,55+,2024-06-18,Basic,29.99,29.99,Active,Cardio,Multan
M0638,Male,41,35-44,2024-01-19,Standard,49.99,49.99,Active,HIIT,Lahore
M0639,Male,20,18-24,2024-07-04,Premium,79.99,79.99,Expired,Strength Training,Karachi
M0640,Female,58,55+,2023-04-09,Premium,79.99,79.99,Active,HIIT,Karachi
M0641,Male,21,18-24,2022-12-17,Standard,49.99,49.99,Expired,Zumba,Lahore
M0642,Female,37,35-44,2023-11-01,Annual,33.33,399.99,Active,Pilates,Faisalabad
M0643,Female,32,25-34,2023-03-22,Standard,49.99,49.99,Active,Pilates,Rawalpindi
M0644,Male,22,18-24,2024-09-01,Standard,49.99,49.99,Active,Strength Training,Rawalpindi
M0645,Female,45,45-54,2023-04-16,Premium,79.99,79.99,Cancelled,CrossFit,Islamabad
M0646,Female,28,25-34,2022-05-18,Standard,49.99,49.99,Active,Spin,Karachi
M0647,Male,55,55+,2022-11-07,Standard,49.99,49.99,Active,Yoga,Islamabad
M0648,Female,47,45-54,2024-01-22,Premium,79.99,79.99,Expired,Cardio,Rawalpindi
M0649,Other,45,45-54,2023-12-18,Standard,49.99,49.99,Active,Yoga,Karachi
M0650,Female,29,25-34,2023-11-05,Basic,29.99,29.99,Active,Pilates,Faisalabad
M0651,Male,59,55+,2022-04-21,Standard,49.99,49.99,Active,Spin,Lahore
M0652,Male,25,25-34,2022-01-22,Standard,49.99,49.99,Active,Yoga,Lahore
M0653,Female,31,25-34,2023-08-25,Basic,29.99,29.99,Cancelled,Strength Training,Multan
M0654,Female,44,35-44,2022-03-13,Premium,79.99,79.99,Cancelled,Zumba,Faisalabad
M0655,Male,39,35-44,2024-10-12,Annual,33.33,399.99,Active,Zumba,Lahore
M0656,Male,23,18-24,2022-01-26,Annual,33.33,399.99,Active,CrossFit,Karachi
M0657,Male,31,25-34,2022-05-26,Standard,49.99,49.99,Cancelled,CrossFit,Rawalpindi
M0658,Female,64,55+,2024-06-05,Standard,49.99,49.99,Expired,Yoga,Islamabad
M0659,Female,34,25-34,2022-05-02,Premium,79.99,79.99,Cancelled,HIIT,Lahore
M0660,Male,31,25-34,2022-12-21,Standard,49.99,49.99,Active,Zumba,Multan
M0661,Male,21,18-24,2024-03-18,Basic,29.99,29.99,Cancelled,Cardio,Faisalabad
M0662,Male,60,55+,2024-02-10,Basic,29.99,29.99,Active,Zumba,Faisalabad
M0663,Female,56,55+,2024-08-19,Annual,33.33,399.99,Cancelled,Yoga,Islamabad
M0664,Female,22,18-24,2024-03-08,Premium,79.99,79.99,Active,Zumba,Rawalpindi
M0665,Female,47,45-54,2022-06-20,Annual,33.33,399.99,Active,HIIT,Faisalabad
M0666,Male,23,18-24,2023-05-09,Basic,29.99,29.99,Expired,HIIT,Karachi
M0667,Male,23,18-24,2023-08-31,Basic,29.99,29.99,Cancelled,Strength Training,Islamabad
M0668,Male,21,18-24,2024-03-21,Annual,33.33,399.99,Cancelled,Strength Training,Faisalabad
M0669,Male,39,35-44,2023-02-20,Premium,79.99,79.99,Cancelled,Pilates,Islamabad
M0670,Female,29,25-34,2024-08-30,Annual,33.33,399.99,Active,Yoga,Karachi
M0671,Female,27,25-34,2022-04-23,Standard,49.99,49.99,Active,Zumba,Faisalabad
M0672,Male,42,35-44,2024-12-06,Standard,49.99,49.99,Cancelled,Spin,Lahore
M0673,Male,47,45-54,2023-12-19,Premium,79.99,79.99,Expired,Yoga,Lahore
M0674,Male,28,25-34,2022-04-26,Standard,49.99,49.99,Active,Spin,Multan
M0675,Female,19,18-24,2023-11-16,Standard,49.99,49.99,Active,HIIT,Karachi
M0676,Female,35,35-44,2022-02-23,Basic,29.99,29.99,Active,Strength Training,Karachi
M0677,Male,64,55+,2023-10-18,Basic,29.99,29.99,Expired,HIIT,Rawalpindi
M0678,Female,44,35-44,2024-09-25,Basic,29.99,29.99,Active,Zumba,Multan
M0679,Female,60,55+,2023-07-29,Basic,29.99,29.99,Active,Spin,Lahore
M0680,Male,43,35-44,2023-01-11,Basic,29.99,29.99,Active,Cardio,Multan
M0681,Female,31,25-34,2022-03-17,Basic,29.99,29.99,Active,Spin,Rawalpindi
M0682,Female,63,55+,2024-03-07,Standard,49.99,49.99,Active,Spin,Karachi
M0683,Male,46,45-54,2024-11-10,Premium,79.99,79.99,Expired,Pilates,Rawalpindi
M0684,Female,53,45-54,2024-07-06,Basic,29.99,29.99,Active,Strength Training,Karachi
M0685,Female,53,45-54,2023-10-15,Basic,29.99,29.99,Cancelled,Cardio,Rawalpindi
M0686,Female,23,18-24,2024-04-20,Basic,29.99,29.99,Active,Zumba,Lahore
M0687,Male,35,35-44,2022-05-28,Premium,79.99,79.99,Cancelled,Zumba,Multan
M0688,Male,51,45-54,2022-10-05,Premium,79.99,79.99,Active,Yoga,Karachi
M0689,Female,48,45-54,2022-05-15,Basic,29.99,29.99,Active,Yoga,Faisalabad
M0690,Male,19,18-24,2023-02-19,Basic,29.99,29.99,Active,HIIT,Karachi
M0691,Female,33,25-34,2022-07-13,Standard,49.99,49.99,Expired,Zumba,Faisalabad
M0692,Female,38,35-44,2024-07-15,Premium,79.99,79.99,Cancelled,HIIT,Karachi
M0693,Male,45,45-54,2024-06-26,Basic,29.99,29.99,Cancelled,Zumba,Rawalpindi
M0694,Male,21,18-24,2023-09-10,Premium,79.99,79.99,Expired,HIIT,Islamabad
M0695,Male,29,25-34,2024-03-28,Premium,79.99,79.99,Cancelled,Strength Training,Lahore
M0696,Male,47,45-54,2022-07-01,Standard,49.99,49.99,Expired,Cardio,Lahore
M0697,Female,30,25-34,2024-02-17,Premium,79.99,79.99,Active,Pilates,Karachi
M0698,Male,39,35-44,2022-10-30,Basic,29.99,29.99,Active,HIIT,Islamabad
M0699,Male,19,18-24,2022-12-02,Standard,49.99,49.99,Active,Yoga,Rawalpindi
M0700,Male,37,35-44,2022-07-20,Standard,49.99,49.99,Cancelled,HIIT,Lahore
M0701,Male,19,18-24,2024-07-11,Standard,49.99,49.99,Cancelled,Cardio,Faisalabad
M0702,Male,63,55+,2022-05-05,Basic,29.99,29.99,Active,HIIT,Multan
M0703,Female,23,18-24,2023-11-05,Annual,33.33,399.99,Active,Cardio,Multan
M0704,Male,42,35-44,2022-07-25,Premium,79.99,79.99,Cancelled,Spin,Rawalpindi
M0705,Female,49,45-54,2022-05-28,Annual,33.33,399.99,Active,CrossFit,Islamabad
M0706,Male,31,25-34,2024-08-22,Premium,79.99,79.99,Expired,Pilates,Multan
M0707,Male,31,25-34,2023-01-31,Standard,49.99,49.99,Expired,Pilates,Rawalpindi
M0708,Male,22,18-24,2023-11-12,Standard,49.99,49.99,Active,Cardio,Islamabad
M0709,Male,48,45-54,2022-07-25,Basic,29.99,29.99,Active,Cardio,Islamabad
M0710,Female,37,35-44,2022-07-09,Standard,49.99,49.99,Cancelled,Yoga,Faisalabad
M0711,Female,19,18-24,2022-11-22,Premium,79.99,79.99,Active,Cardio,Islamabad
M0712,Male,40,35-44,2022-03-13,Basic,29.99,29.99,Active,Zumba,Multan
M0713,Male,63,55+,2022-02-23,Annual,33.33,399.99,Cancelled,Zumba,Karachi
M0714,Female,23,18-24,2022-05-09,Standard,49.99,49.99,Expired,CrossFit,Islamabad
M0715,Female,61,55+,2022-05-11,Premium,79.99,79.99,Expired,Spin,Rawalpindi
M0716,Female,36,35-44,2025-01-01,Premium,79.99,79.99,Active,Spin,Islamabad
M0717,Male,45,45-54,2023-10-15,Premium,79.99,79.99,Expired,Spin,Faisalabad
M0718,Female,59,55+,2024-12-02,Basic,29.99,29.99,Active,Strength Training,Karachi
M0719,Female,36,35-44,2022-10-26,Basic,29.99,29.99,Expired,Strength Training,Rawalpindi
M0720,Female,44,35-44,2023-03-15,Basic,29.99,29.99,Expired,HIIT,Islamabad
M0721,Male,59,55+,2024-06-20,Basic,29.99,29.99,Active,Strength Training,Islamabad
M0722,Female,28,25-34,2022-02-21,Premium,79.99,79.99,Active,Cardio,Lahore
M0723,Female,63,55+,2023-10-14,Standard,49.99,49.99,Cancelled,CrossFit,Lahore
M0724,Male,21,18-24,2023-08-24,Premium,79.99,79.99,Active,Yoga,Multan
M0725,Male,62,55+,2023-06-07,Standard,49.99,49.99,Expired,Cardio,Islamabad
M0726,Male,46,45-54,2023-01-02,Standard,49.99,49.99,Cancelled,Cardio,Multan
M0727,Male,20,18-24,2022-11-30,Basic,29.99,29.99,Active,Pilates,Rawalpindi
M0728,Male,55,55+,2023-11-16,Basic,29.99,29.99,Cancelled,Zumba,Faisalabad
M0729,Male,40,35-44,2023-07-30,Standard,49.99,49.99,Active,Zumba,Multan
M0730,Female,24,18-24,2024-10-05,Basic,29.99,29.99,Active,HIIT,Multan
M0731,Male,51,45-54,2024-03-30,Basic,29.99,29.99,Active,Cardio,Islamabad
M0732,Male,47,45-54,2023-05-17,Basic,29.99,29.99,Expired,Spin,Islamabad
M0733,Female,60,55+,2024-07-08,Premium,79.99,79.99,Active,Pilates,Lahore
M0734,Female,48,45-54,2023-05-23,Annual,33.33,399.99,Active,Yoga,Multan
M0735,Male,39,35-44,2024-11-28,Standard,49.99,49.99,Active,Cardio,Rawalpindi
M0736,Female,24,18-24,2022-08-10,Standard,49.99,49.99,Active,Zumba,Karachi
M0737,Male,61,55+,2023-08-22,Standard,49.99,49.99,Active,Pilates,Islamabad
M0738,Male,59,55+,2023-08-30,Annual,33.33,399.99,Active,Spin,Rawalpindi
M0739,Male,38,35-44,2024-05-11,Basic,29.99,29.99,Cancelled,Spin,Lahore
M0740,Male,56,55+,2024-01-17,Basic,29.99,29.99,Active,Pilates,Karachi
M0741,Male,55,55+,2022-09-16,Basic,29.99,29.99,Active,Yoga,Rawalpindi
M0742,Male,21,18-24,2023-01-13,Standard,49.99,49.99,Active,Spin,Multan
M0743,Male,38,35-44,2023-01-18,Standard,49.99,49.99,Expired,CrossFit,Multan
M0744,Male,26,25-34,2022-08-12,Basic,29.99,29.99,Expired,Pilates,Faisalabad
M0745,Female,27,25-34,2023-12-28,Premium,79.99,79.99,Active,HIIT,Faisalabad
M0746,Male,45,45-54,2022-05-03,Basic,29.99,29.99,Active,Strength Training,Multan
M0747,Male,20,18-24,2023-09-15,Annual,33.33,399.99,Cancelled,Zumba,Karachi
M0748,Male,20,18-24,2022-12-06,Standard,49.99,49.99,Active,Zumba,Faisalabad
M0749,Male,24,18-24,2022-01-09,Standard,49.99,49.99,Cancelled,Pilates,Karachi
M0750,Female,60,55+,2022-04-23,Standard,49.99,49.99,Active,CrossFit,Lahore
M0751,Female,43,35-44,2022-11-02,Basic,29.99,29.99,Active,Pilates,Lahore
M0752,Female,64,55+,2023-02-24,Standard,49.99,49.99,Cancelled,Yoga,Karachi
M0753,Female,45,45-54,2023-10-20,Premium,79.99,79.99,Active,Strength Training,Lahore
M0754,Male,21,18-24,2022-08-20,Premium,79.99,79.99,Expired,HIIT,Islamabad
M0755,Male,56,55+,2024-07-10,Standard,49.99,49.99,Expired,Spin,Faisalabad
M0756,Female,19,18-24,2022-05-28,Basic,29.99,29.99,Expired,Spin,Karachi
M0757,Male,64,55+,2022-06-24,Annual,33.33,399.99,Active,Strength Training,Islamabad
M0758,Female,31,25-34,2022-02-04,Standard,49.99,49.99,Expired,Cardio,Lahore
M0759,Male,40,35-44,2023-12-06,Standard,49.99,49.99,Cancelled,Strength Training,Karachi
M0760,Female,50,45-54,2022-03-17,Premium,79.99,79.99,Active,Strength Training,Rawalpindi
M0761,Male,52,45-54,2022-09-10,Basic,29.99,29.99,Cancelled,Strength Training,Multan
M0762,Male,52,45-54,2024-10-16,Annual,33.33,399.99,Active,Pilates,Rawalpindi
M0763,Male,42,35-44,2022-08-02,Annual,33.33,399.99,Cancelled,Pilates,Islamabad
M0764,Male,49,45-54,2022-03-05,Premium,79.99,79.99,Expired,Strength Training,Karachi
M0765,Male,61,55+,2022-11-09,Basic,29.99,29.99,Active,Strength Training,Islamabad
M0766,Male,44,35-44,2023-11-13,Standard,49.99,49.99,Active,Yoga,Faisalabad
M0767,Female,57,55+,2022-04-19,Standard,49.99,49.99,Active,Spin,Lahore
M0768,Female,45,45-54,2022-12-09,Standard,49.99,49.99,Cancelled,Yoga,Karachi
M0769,Male,55,55+,2022-02-27,Basic,29.99,29.99,Active,Strength Training,Multan
M0770,Male,52,45-54,2024-04-13,Annual,33.33,399.99,Active,Strength Training,Karachi
M0771,Male,18,18-24,2024-06-11,Basic,29.99,29.99,Active,Spin,Lahore
M0772,Female,33,25-34,2023-05-23,Basic,29.99,29.99,Expired,Strength Training,Islamabad
M0773,Male,18,18-24,2024-11-14,Premium,79.99,79.99,Cancelled,Yoga,Karachi
M0774,Female,62,55+,2024-05-21,Basic,29.99,29.99,Active,HIIT,Multan
M0775,Female,59,55+,2024-05-22,Basic,29.99,29.99,Active,Yoga,Rawalpindi
M0776,Female,26,25-34,2022-10-01,Basic,29.99,29.99,Active,Cardio,Lahore
M0777,Male,33,25-34,2023-09-13,Premium,79.99,79.99,Cancelled,Yoga,Rawalpindi
M0778,Female,35,35-44,2024-12-28,Standard,49.99,49.99,Expired,Spin,Faisalabad
M0779,Male,48,45-54,2024-02-11,Annual,33.33,399.99,Active,Strength Training,Multan
M0780,Female,52,45-54,2024-02-07,Annual,33.33,399.99,Active,HIIT,Faisalabad
M0781,Female,26,25-34,2023-01-11,Standard,49.99,49.99,Active,HIIT,Multan
M0782,Male,56,55+,2023-07-26,Basic,29.99,29.99,Cancelled,Spin,Multan
M0783,Female,48,45-54,2022-06-28,Annual,33.33,399.99,Active,Cardio,Lahore
M0784,Female,56,55+,2023-05-08,Premium,79.99,79.99,Expired,Zumba,Multan
M0785,Female,37,35-44,2023-11-29,Basic,29.99,29.99,Active,Strength Training,Multan
M0786,Female,33,25-34,2024-08-13,Basic,29.99,29.99,Active,Yoga,Rawalpindi
M0787,Male,31,25-34,2024-11-04,Premium,79.99,79.99,Cancelled,Pilates,Rawalpindi
M0788,Female,57,55+,2023-04-12,Premium,79.99,79.99,Cancelled,HIIT,Rawalpindi
M0789,Female,30,25-34,2023-08-18,Annual,33.33,399.99,Active,HIIT,Karachi
M0790,Female,40,35-44,2023-07-02,Basic,29.99,29.99,Expired,Pilates,Lahore
M0791,Male,51,45-54,2023-11-17,Standard,49.99,49.99,Active,Strength Training,Multan
M0792,Female,56,55+,2022-03-19,Standard,49.99,49.99,Active,CrossFit,Islamabad
M0793,Female,46,45-54,2024-12-18,Premium,79.99,79.99,Cancelled,CrossFit,Multan
M0794,Male,62,55+,2023-12-09,Standard,49.99,49.99,Expired,Strength Training,Lahore
M0795,Female,58,55+,2023-04-09,Premium,79.99,79.99,Active,HIIT,Faisalabad
M0796,Male,34,25-34,2023-11-21,Standard,49.99,49.99,Expired,Spin,Islamabad
M0797,Female,31,25-34,2023-01-07,Annual,33.33,399.99,Active,Spin,Faisalabad
M0798,Female,40,35-44,2023-02-19,Basic,29.99,29.99,Active,Pilates,Multan
M0799,Female,25,25-34,2024-11-16,Premium,79.99,79.99,Expired,Pilates,Faisalabad
M0800,Female,47,45-54,2024-09-10,Annual,33.33,399.99,Active,Spin,Lahore
